typeID,activityID,productTypeID,quantity
32773,1,32772,1
32775,1,32774,1
32781,1,32780,1
32783,1,32782,100
32789,1,32788,1
32791,1,32790,1
32800,1,32799,1
32802,1,32801,1
32804,1,32803,1
32810,1,32809,1
32812,1,32811,1
32818,1,32817,1
32820,1,32819,1
32839,1,18626,1
32841,1,32840,1
32843,1,32842,1
32845,1,32844,1
32847,1,32846,1
32849,1,32848,1
32854,1,18635,1
32855,1,18637,1
32858,1,17366,1
32859,1,3297,1
32860,1,3293,1
32861,1,3296,1
32862,1,24445,1
32863,1,11489,1
32864,1,11488,1
32865,1,3465,1
32866,1,3466,1
32867,1,3467,1
32868,1,17363,1
32869,1,17364,1
32870,1,17365,1
32871,1,17367,1
32873,1,32872,1
32873,8,37619,1
32875,1,32874,1
32875,8,37618,1
32877,1,32876,1
32877,8,37617,1
32879,1,32878,1
32879,8,37620,1
32881,1,32880,1
32881,8,33698,1
32881,8,39583,1
32982,1,32787,1
32982,8,55762,10
32984,1,32983,1
32986,1,32985,1
32988,1,32987,1
32990,1,32989,1
33004,1,33003,1
33006,1,33005,1
33008,1,33007,1
33010,1,33009,1
33012,1,33011,1
33067,1,33017,1
33077,1,33076,1
33088,1,33087,1
33102,1,33101,1
33104,1,33103,1
33112,1,33111,1
33150,1,33149,1
33152,1,33151,1
33154,1,33153,1
33156,1,33155,1
33158,1,33157,1
33177,1,33176,1
33177,8,33198,10
33179,1,33178,1
33179,8,33200,10
33181,1,33180,1
33181,8,33202,10
33191,1,33190,1
33196,1,33195,1
33198,1,33197,1
33200,1,33199,1
33202,1,33201,1
49625,1,49600,1
49626,1,49601,1
33271,1,33270,1
33271,8,33273,10
33273,1,33272,1
33278,1,33277,1
33278,8,33280,1
33280,1,33279,1
33282,1,33281,1
33282,8,33284,1
33284,1,33283,1
33286,1,33285,1
33286,8,33288,1
33288,1,33287,1
33290,1,33289,1
33290,8,33292,1
33292,1,33291,1
33294,1,33293,1
33294,8,33296,1
33296,1,33295,1
33299,1,33297,1
33299,8,33300,1
33300,1,33298,1
33302,1,33301,1
33304,1,33303,1
33304,8,33306,1
33306,1,33305,1
33308,1,33307,1
33308,8,33310,1
33310,1,33309,1
33312,1,33311,1
33312,8,33314,1
33314,1,33313,1
33327,1,3756,1
49714,1,49710,1
49714,8,52255,1
49715,1,49711,1
49716,1,49712,1
49716,8,49717,1
49717,1,49713,1
49721,1,49720,1
49775,1,49770,1
49775,8,49778,10
49776,1,49771,1
49777,1,49772,1
49778,1,49773,1
49779,1,49774,1
33396,1,33395,1
33398,1,33397,1
33401,1,33400,1
33447,1,33446,1
681,1,165,1
682,1,166,1
683,1,582,1
683,8,39581,1
684,1,583,1
684,8,11177,1
684,8,11179,1
685,1,584,1
685,8,11195,1
686,1,620,1
686,8,11986,1
687,1,621,1
687,8,11994,1
688,1,638,1
688,8,28711,1
689,1,585,1
689,8,11197,1
689,8,11199,1
690,1,586,1
690,8,11183,1
691,1,587,1
691,8,11372,1
691,8,11401,1
692,1,622,1
692,8,12000,1
693,1,639,1
693,8,28666,1
33469,1,33468,1
33471,1,33470,1
33473,1,33472,1
33514,1,33513,1
33515,1,33477,1
33517,1,33474,1
33518,1,33476,1
33519,1,33475,1
33521,1,33520,1
33523,1,33522,1
41087,1,41076,1
33536,1,33516,1
33543,1,33525,1
33545,1,33528,1
33546,1,33527,1
33547,1,33526,1
33548,1,33529,1
784,1,482,1
785,1,483,1
785,8,784,10
786,1,499,1
786,8,2405,10
788,1,501,1
788,8,2411,10
790,1,503,1
790,8,2421,10
33560,1,33559,1
33562,1,33561,1
33564,1,33563,1
33566,1,33565,1
803,1,202,100
803,8,24536,10
803,8,24540,10
804,1,203,100
804,8,24534,10
804,8,24542,10
805,1,204,100
805,8,2622,10
805,8,2638,10
806,1,205,100
806,8,24532,10
806,8,24538,10
807,1,206,100
807,8,2656,10
807,8,24508,10
808,1,207,100
808,8,24510,10
808,8,24518,10
809,1,208,100
809,8,24512,10
809,8,24516,10
810,1,209,100
810,8,2630,10
810,8,24514,10
811,1,210,100
811,8,24496,10
811,8,24502,10
812,1,211,100
812,8,2648,10
812,8,24500,10
813,1,212,100
813,8,2614,10
813,8,24506,10
814,1,213,100
814,8,24498,10
814,8,24504,10
49967,1,48613,1
33584,1,33583,1
49969,1,48615,1
33586,1,33585,1
819,1,484,1
819,8,2874,10
820,1,485,1
820,8,16032,10
821,1,486,1
821,8,2890,10
822,1,487,1
822,8,2906,10
823,1,488,1
823,8,2978,10
824,1,489,1
824,8,2938,10
825,1,490,1
825,8,2898,10
826,1,491,1
826,8,2914,10
827,1,492,1
827,8,2922,10
828,1,493,1
828,8,2970,10
829,1,494,1
829,8,2946,10
830,1,495,1
830,8,2954,10
831,1,496,1
831,8,16029,10
832,1,497,1
832,8,2866,10
833,1,498,1
833,8,2962,10
834,1,450,1
834,8,3018,10
835,1,451,1
835,8,3002,10
836,1,452,1
836,8,2994,10
837,1,453,1
837,8,3042,10
838,1,454,1
838,8,3034,10
839,1,455,1
839,8,3286,10
840,1,456,1
840,8,3513,10
841,1,457,1
841,8,3010,10
842,1,458,1
842,8,3521,10
843,1,459,1
843,8,3026,10
844,1,460,1
844,8,4148,10
845,1,461,1
845,8,2986,10
846,1,462,1
846,8,3058,10
847,1,463,1
847,8,3050,10
848,1,464,1
848,8,3066,10
33624,1,33623,1
33626,1,33625,1
50011,1,50007,1
33628,1,33627,1
50013,1,50009,1
33630,1,33629,1
33632,1,33631,1
33634,1,33633,1
33636,1,33635,1
33638,1,33637,1
33640,1,33639,1
33642,1,33641,1
33644,1,33643,1
57490,11,57453,200
33646,1,33645,1
879,1,178,100
879,8,12634,10
880,1,179,100
880,8,12626,10
881,1,180,100
882,1,181,100
882,8,12609,10
883,1,182,100
883,8,12632,10
884,1,183,100
885,1,184,100
886,1,185,100
887,1,186,100
887,8,12772,10
888,1,187,100
888,8,12774,10
889,1,188,100
890,1,189,100
890,8,12778,10
891,1,190,100
891,8,12768,10
892,1,191,100
893,1,192,100
894,1,193,100
895,1,194,100
895,8,12766,10
896,1,195,100
896,8,12776,10
897,1,196,100
898,1,197,100
898,8,12780,10
899,1,198,100
899,8,12762,10
900,1,199,100
901,1,200,100
902,1,201,100
33672,1,33671,1
33672,8,33709,10
33674,1,33673,1
57495,11,57458,20
33676,1,33675,1
33678,1,33677,1
33682,1,33681,1
33684,1,33683,1
33686,1,33685,1
57497,11,57460,20
33688,1,33687,1
50073,1,50067,1
33690,1,33689,1
33692,1,33691,1
33694,1,33693,1
33696,1,33695,1
33698,1,33697,1
33701,1,33700,1
936,1,589,1
936,8,11185,1
936,8,11187,1
937,1,590,1
937,8,12041,1
937,8,39580,1
17322,1,11691,1
939,1,592,1
939,8,40301,1
17324,1,11530,1
17325,1,11538,1
17326,1,11692,1
17327,1,11552,1
17328,1,11544,1
17329,1,11531,1
17330,1,11539,1
17331,1,11547,1
17332,1,11693,1
17333,1,11536,1
950,1,603,1
950,8,11380,1
950,8,11382,1
17335,1,11694,1
17336,1,11537,1
17338,1,11549,1
17339,1,11695,1
17340,1,11534,1
17341,1,11556,1
17342,1,11548,1
960,1,613,1
17345,1,11535,1
17346,1,11555,1
963,1,616,1
964,1,617,1
965,1,618,1
966,1,619,1
967,1,672,1
968,1,623,1
968,8,11996,1
968,8,12012,1
969,1,624,1
969,8,12018,1
969,8,12020,1
970,1,625,1
970,8,11988,1
971,1,626,1
971,8,12006,1
972,1,627,1
972,8,12022,1
972,8,12024,1
57506,11,57469,10
974,1,629,1
974,8,12014,1
974,8,12016,1
975,1,630,1
975,8,11962,1
975,8,11964,1
976,1,631,1
976,8,11979,1
977,1,632,1
977,8,11958,1
977,8,11960,1
978,1,633,1
978,8,11970,1
978,8,11972,1
57507,1,57470,1
983,1,648,1
983,8,12730,1
984,1,649,1
984,8,12732,1
985,1,650,1
985,8,12744,1
986,1,651,1
987,1,652,1
987,8,12748,1
988,1,653,1
988,8,12736,1
989,1,654,1
990,1,655,1
990,8,12746,1
991,1,656,1
992,1,657,1
994,1,640,1
994,8,22437,1
995,1,641,1
995,8,28662,1
996,1,642,1
996,8,28660,1
997,1,643,1
997,8,22429,1
998,1,644,1
998,8,22441,1
999,1,645,1
999,8,22431,1
1002,1,671,1
1010,1,377,1
1010,8,1013,10
1013,1,380,1
1125,1,574,1
1125,8,3091,10
1026,1,393,1
1026,8,1027,10
1027,1,394,1
1032,1,399,1
1032,8,1033,10
1033,1,400,1
57517,1,57480,1
57518,1,57481,20
33817,1,33816,1
33819,1,33818,1
33821,1,33820,1
33823,1,33822,1
33823,8,33825,10
33825,1,33824,1
57521,1,57484,20
1067,1,434,1
1067,8,1073,10
1071,1,438,1
1072,1,439,1
1072,8,1071,10
1073,1,440,1
1074,1,442,1
1074,8,2039,10
1075,1,443,1
1075,8,1856,10
1076,1,444,1
1076,8,2334,10
1079,1,447,1
1079,8,1080,10
1080,1,448,1
17477,1,17476,1
17477,8,22545,1
17479,1,17478,1
17479,8,22549,1
1096,1,520,1
1096,8,1095,10
17481,1,17480,1
17481,8,22547,1
1099,1,523,1
1099,8,1184,10
1100,1,524,1
1100,8,2356,10
17486,1,17485,1
1103,1,527,1
33872,1,33871,1
17489,1,17488,1
1106,1,530,1
1106,8,13002,10
33876,1,33875,1
1109,1,533,1
1109,8,13004,10
33878,1,33877,1
1112,1,561,1
1112,8,3099,10
1113,1,562,1
1113,8,3163,10
1114,1,563,1
1114,8,3171,10
1115,1,564,1
1115,8,3179,10
1116,1,565,1
1116,8,3075,10
17501,1,17500,1
1118,1,567,1
1118,8,3107,10
17503,1,17502,1
1120,1,569,1
1120,8,3139,10
17505,1,17504,1
1122,1,571,1
1122,8,3123,10
17507,1,17506,1
1124,1,573,1
1124,8,3187,10
17509,1,17508,1
1126,1,575,1
1126,8,3155,10
17511,1,17510,1
1128,1,577,1
1128,8,2025,10
17513,1,17512,1
1130,1,215,100
1131,1,216,100
1132,1,217,100
1132,8,12621,10
17517,1,17516,1
1134,1,219,100
1134,8,12615,10
17519,1,17518,1
1136,1,221,100
1136,8,12619,10
17521,1,17520,1
1138,1,223,100
1139,1,224,100
1140,1,225,100
1140,8,12802,10
1141,1,226,100
1142,1,227,100
1142,8,12786,10
1143,1,228,100
1144,1,229,100
1144,8,12806,10
17529,1,17528,1
1146,1,231,100
1147,1,232,100
1148,1,233,100
1148,8,12804,10
1149,1,234,100
1150,1,235,100
1150,8,12788,10
1151,1,236,100
1152,1,237,100
1152,8,12808,10
17537,1,17536,1
1154,1,239,1
1154,8,12560,10
17539,1,17538,1
1156,1,241,1
17541,1,17540,1
1158,1,243,1
1158,8,12564,10
17543,1,17542,1
1160,1,245,1
17545,1,17544,1
1162,1,247,1
1162,8,12823,10
1163,1,248,1
1164,1,249,1
1165,1,250,1
17550,1,17549,1
1167,1,252,1
1167,8,12815,10
1168,1,253,1
1169,1,254,1
1169,8,12827,10
17554,1,17553,1
1171,1,256,1
17556,1,17555,1
1173,1,258,1
1174,1,259,1
1174,8,12821,10
1175,1,260,1
1175,8,12817,10
1176,1,261,1
17561,1,17559,1
1178,1,263,10
1179,1,264,10
1184,1,1183,1
1186,1,1185,1
1186,8,3489,10
1191,1,1190,1
1196,1,1195,1
1196,8,2033,10
1204,1,1197,1
1204,8,1205,10
1205,1,1198,1
1208,1,1182,1
1208,8,1437,10
1210,1,580,1
1210,8,2118,10
1212,1,581,1
1212,8,2342,10
1214,1,1201,1
1214,8,2437,10
1216,1,269,100
1217,1,270,10
1218,1,1202,1
1220,1,266,100
1220,8,24472,10
1220,8,24605,10
1221,1,267,100
1221,8,24522,10
1221,8,24530,10
17620,1,17619,1
1237,1,1236,1
1245,1,1244,1
1245,8,1237,10
1247,1,1246,1
1247,8,1249,10
1249,1,1248,1
17635,1,17634,1
17637,1,17636,1
1255,1,1254,1
1255,8,1257,10
1257,1,1256,1
1133,1,218,100
17649,1,17648,100
17649,8,41323,10
17651,1,17650,100
17651,8,41327,10
17653,1,17652,100
17655,1,17654,100
17657,1,17656,100
17657,8,41329,10
1275,1,1274,1
1275,8,1277,10
1277,1,1276,1
17663,1,17662,100
17665,1,17664,100
17665,8,41319,10
17667,1,17666,100
17667,8,41315,10
1285,1,1284,1
1285,8,1287,10
1287,1,1286,1
17673,1,17672,100
17673,8,41317,10
17675,1,17674,100
17677,1,17676,100
17679,1,17678,100
17679,8,41321,10
17681,1,17680,1
17683,1,17682,1
17685,1,17684,1
17687,1,17686,1
17687,8,41335,10
1305,1,1304,1
1305,8,1307,10
17691,1,17690,1
17693,1,17692,1
17693,8,41331,10
17695,1,17694,1
17695,8,41333,10
1318,1,1317,1
1318,8,1320,10
1320,1,1319,1
17706,1,17705,1
1135,1,220,100
17708,1,17707,1
17710,1,17709,1
17714,1,17713,1
17716,1,17715,1
1334,1,1333,1
1334,8,1336,10
17719,1,17718,1
1336,1,1335,1
17721,1,17720,1
17723,1,17722,1
17727,1,17726,1
17729,1,17728,1
43915,1,41030,1
17733,1,17732,1
34119,1,34118,1
34121,1,34120,1
1354,1,1353,1
1354,8,1356,10
34123,1,34122,1
1356,1,1355,1
17741,1,17740,1
34127,1,34126,1
61221,1,61201,1
61221,8,61223,10
1137,1,222,100
1137,8,12613,10
34153,1,34151,1
1404,1,1403,1
1404,8,1406,10
1406,1,1405,1
1423,1,1422,1
17813,1,17812,1
1437,1,1436,1
34214,1,34213,1
34216,1,34215,1
17833,1,17832,1
34218,1,34217,1
17835,1,17834,1
34220,1,34219,1
17837,1,17836,1
34222,1,34221,1
17839,1,17838,1
34224,1,34223,1
34226,1,34225,1
34228,1,34227,1
34230,1,34229,1
34232,1,34231,1
34234,1,34233,1
34236,1,34235,1
34238,1,34237,1
34240,1,34239,1
17858,1,17857,100
17858,8,41282,10
17858,8,41283,10
34244,1,34243,1
17862,1,17861,100
17862,8,41284,10
17862,8,41285,10
17864,1,17863,100
17864,8,41280,10
17864,8,41281,10
34250,1,34249,1
34252,1,34251,1
34254,1,34253,1
34256,1,34255,1
17874,1,17873,1
34267,1,34266,1
34269,1,34268,1
34273,1,34272,1
34275,1,34274,1
34277,1,34276,1
34279,1,34278,1
34281,1,34280,1
34283,1,34282,1
34285,1,34284,1
17902,1,17901,1
34287,1,34286,1
34289,1,34288,1
34291,1,34290,1
34293,1,34292,1
34295,1,34294,1
17913,1,17912,1
17919,1,17918,1
17921,1,17920,1
34307,1,34306,1
1540,1,1539,1
1540,8,1542,10
17925,1,17924,1
1542,1,1541,1
17927,1,17926,1
17929,1,17928,1
17931,1,17930,1
1548,1,1547,1
1548,8,1550,10
17933,1,17932,1
34318,1,34317,1
1552,1,1551,1
1552,8,1554,10
1554,1,1553,1
17939,1,17938,1
17939,8,4259,10
1558,1,1557,1
1558,8,1560,10
1560,1,1559,1
34329,1,34328,1
1564,1,1563,1
1564,8,1566,10
1566,1,1565,1
34340,1,34339,1
34342,1,34341,1
34344,1,34343,1
34346,1,34345,1
11187,1,11186,1
11189,1,11188,1
11191,1,11190,1
11193,1,11192,1
34397,1,34396,1
11195,1,11194,1
34412,8,34318,20
34412,8,34563,20
34412,8,34829,20
34412,8,35684,20
34414,8,34318,10
34414,8,34563,10
34414,8,34829,10
34414,8,35684,10
11197,1,11196,1
34416,8,34318,3
34416,8,34563,3
34416,8,34829,3
34416,8,35684,3
18037,1,18036,1
18037,8,18591,10
18039,1,18038,1
18039,8,18593,10
18041,1,18040,1
18041,8,18595,10
18043,1,18042,1
18043,8,18597,10
18045,1,18044,1
18045,8,18599,10
18047,1,18046,1
18047,8,18601,10
18049,1,18048,1
18049,8,18603,10
18051,1,18050,1
18051,8,18605,10
18053,1,18052,1
18053,8,18607,10
18055,1,18054,1
18055,8,18609,10
18057,1,18056,1
18057,8,18611,10
34442,1,34441,1
18059,1,18058,1
18059,8,18613,10
34444,1,34443,1
18061,1,18060,1
18061,8,18615,10
34446,1,34445,1
18063,1,18062,1
18063,8,18617,10
18065,1,18064,1
18065,8,18625,10
18067,1,18066,1
18067,8,18619,10
18069,1,18068,1
34458,1,34457,1
34460,1,34459,1
34462,1,34461,1
34464,1,34463,1
34466,1,34465,1
34468,1,34467,1
34470,1,34469,1
34472,1,34471,1
34474,1,34473,1
34476,1,34475,1
34478,1,34477,1
34480,1,34479,1
17515,1,17514,1
34497,1,34496,1
11216,1,11215,1
11218,1,11217,1
11218,8,11220,10
11220,1,11219,1
34563,1,34562,1
1809,1,1808,1
1809,8,2554,10
1811,1,1810,100
1815,1,1814,100
1817,1,1816,100
1819,1,1818,100
1821,1,1820,100
34591,1,34590,1
1825,1,1824,100
34594,1,34593,1
34594,8,34596,10
1827,1,1826,100
34596,1,34595,1
1829,1,1828,100
1831,1,1830,100
1833,1,1832,100
1856,1,1855,1
1876,1,1875,1
1876,8,1878,10
1878,1,1877,1
11236,1,11235,1
11238,1,11237,1
11238,8,11240,10
11240,1,11239,1
11246,1,11245,1
1945,1,1944,1
1945,8,12754,1
11248,1,11247,1
11248,8,11250,10
44018,1,37146,1
44018,8,44019,1
11256,1,11255,1
12069,1,12068,1
2007,1,2006,1
2007,8,12004,1
44026,1,43855,1
44026,8,44027,1
2019,1,2018,1
2019,8,3497,10
2021,1,2020,1
2021,8,3505,10
2023,1,2022,1
2023,8,3473,10
2025,1,2024,1
2033,1,2032,1
2039,1,2038,1
2047,1,2046,1
2047,8,2049,10
2049,1,2048,1
31711,1,31710,1
34829,1,34828,1
34841,1,2034,1
34842,1,2035,1
34843,1,2036,1
34844,1,2037,1
34845,1,2026,1
34846,1,2027,1
34847,1,2028,1
34848,1,2029,1
34849,1,2030,1
34850,1,2058,1
34851,1,2059,1
34852,1,2060,1
34853,1,2061,1
34854,1,2062,1
34855,1,2040,1
34856,1,2041,1
34857,1,2042,1
34858,1,2043,1
34859,1,2044,1
34860,1,2053,1
34861,1,2054,1
34862,1,2055,1
34863,1,2056,1
34864,1,2057,1
34865,1,32422,1
34866,1,2008,1
34867,1,2001,1
34868,1,2009,1
34869,1,2031,1
44043,1,43871,1
2118,1,2117,1
11278,1,11277,1
11278,8,11649,10
44047,1,43874,1
11280,1,11279,1
11280,8,20354,10
44049,1,43877,1
2162,1,2161,1
2162,8,11191,1
44051,1,43878,1
11284,1,11283,10
2174,1,2173,1
2174,8,2176,10
31715,1,31714,1
2176,1,2175,1
2179,1,2165,100
11286,1,11285,10
2184,1,2183,1
2184,8,2186,10
2186,1,2185,1
11288,1,11287,10
2194,1,2193,1
2194,8,2196,10
2196,1,2195,1
2204,1,2203,1
2204,8,2206,10
11290,1,11289,10
2206,1,2205,1
18591,1,18590,1
18593,1,18592,1
2211,1,2210,100
2213,1,2212,100
18599,1,18598,1
18601,1,18600,1
18603,1,18602,1
18605,1,18604,1
18607,1,18606,1
18609,1,18608,1
18611,1,18610,1
18613,1,18612,1
18615,1,18614,1
18617,1,18616,1
18619,1,18618,1
18625,1,18624,1
27681,1,27610,1
11298,1,11297,1
11298,8,20350,10
18640,1,18639,1
18640,8,4261,10
11300,1,11299,1
11300,8,20352,10
2282,1,2281,1
11304,1,11303,1
11304,8,11647,10
2290,1,2289,1
2290,8,2298,10
2292,1,2291,1
2292,8,2300,10
2294,1,2293,1
2294,8,2302,10
2296,1,2295,1
2296,8,2304,10
2298,1,2297,1
2300,1,2299,1
44074,1,43709,1
44074,8,44075,1
2302,1,2301,1
2304,1,2303,1
27694,1,27609,1
27695,1,27540,1
2332,1,2331,1
2332,8,1423,10
2334,1,2333,1
27696,1,27612,1
2342,1,2341,1
27697,1,27598,1
27698,1,27595,1
44083,1,43715,1
2356,1,2355,1
27703,1,27600,1
44088,1,43712,1
44088,8,44089,1
44089,1,43713,1
27706,1,27536,1
27707,1,27601,1
2405,1,2404,1
27708,1,27604,1
2411,1,2410,1
31723,1,31722,1
2421,1,2420,1
27712,1,27603,1
1172,1,257,1
2437,1,2436,1
44097,1,43727,1
2445,1,2444,1
2445,8,2447,10
2447,1,2446,1
2455,1,2454,1
2455,8,2457,10
2457,1,2456,1
2465,1,2464,1
2465,8,2467,10
2467,1,2466,1
2477,1,2476,1
2477,8,2479,10
2479,1,2478,1
2487,1,2486,1
2487,8,2489,10
2489,1,2488,1
41375,1,40556,1
2507,1,2506,100
2507,8,24524,10
2507,8,24528,10
2509,1,2508,100
2509,8,2802,10
2509,8,24520,10
2511,1,2510,100
2511,8,2812,10
2511,8,24526,10
2513,1,2512,100
2513,8,2818,10
2513,8,24544,10
2515,1,2514,100
2515,8,24476,10
2515,8,24543,10
2517,1,2516,100
2517,8,24474,10
2517,8,24604,10
2530,1,2529,1
2530,8,2532,10
2532,1,2531,1
2538,1,2537,1
2538,8,2540,10
2540,1,2539,1
2546,1,2545,1
2546,8,2548,10
2548,1,2547,1
2554,1,2553,1
28455,1,28394,1
2604,1,2603,1
2604,8,2606,10
2606,1,2605,1
2614,1,2613,5000
2622,1,2621,5000
2630,1,2629,5000
28457,1,28396,1
2638,1,2637,5000
2648,1,2647,5000
2656,1,2655,5000
2680,1,2679,5000
2735,1,32458,1
2736,1,17181,1
2737,1,32226,1
2738,1,32250,1
2739,1,28668,10
2740,1,17182,1
2741,1,17178,1
2742,1,25270,1
2743,1,25271,1
2744,1,17982,1
2745,1,25821,1
2746,1,25280,1
2747,1,30655,1
2748,1,14343,1
2749,1,24657,1
2750,1,24646,1
2751,1,24655,1
2752,1,12237,1
2753,1,24653,1
2754,1,24658,1
2755,1,17184,1
2756,1,24575,1
2757,1,17185,1
2758,1,24660,1
2759,1,17186,1
2760,1,24659,1
2761,1,17187,1
2762,1,25305,1
2763,1,17180,1
2764,1,13780,1
2765,1,19470,1
2766,1,29613,1
2767,1,12239,1
2768,1,24654,1
2769,1,12238,1
2770,1,16220,1
2771,1,24574,1
2772,1,30389,1
2773,1,24656,1
2774,1,12235,1
2775,1,20059,1
2776,1,20060,1
2777,1,16213,1
2778,1,20061,1
2779,1,20062,1
2780,1,12236,1
2781,1,20063,1
2782,1,20064,1
2783,1,16214,1
2784,1,20065,1
2785,1,20066,1
2786,1,16221,1
2787,1,17621,1
2788,1,27673,1
2789,1,27674,1
2790,1,24684,1
2791,1,16869,1
2792,1,17174,1
2793,1,22634,1
2794,1,17175,1
2795,1,30656,1
2796,1,17176,1
2797,1,20175,1
2798,1,17177,1
2799,1,27672,1
2800,1,27897,1
2802,1,2801,5000
2803,1,17402,1
2804,1,16692,1
2805,1,16689,1
2806,1,17403,1
2807,1,17770,1
2808,1,16691,1
2810,1,16688,1
2812,1,2811,5000
2813,1,17404,1
2814,1,17771,1
2815,1,16690,1
2816,1,16631,1
2818,1,2817,5000
2819,1,17772,1
2820,1,24567,1
2821,1,16216,1
2822,1,17773,1
2823,1,16696,1
2824,1,16697,1
2825,1,17408,1
2826,1,17167,1
2827,1,17407,1
2828,1,17168,1
2829,1,17406,1
2830,1,16694,1
2835,1,2834,1
2837,1,2836,1
2839,1,2838,1
2866,1,2865,1
11401,1,11400,1
2874,1,2873,1
2890,1,2889,1
2898,1,2897,1
2906,1,2905,1
41445,1,40631,1
2914,1,2913,1
35684,1,35683,1
2922,1,2921,1
2938,1,2937,1
2946,1,2945,1
2949,1,2948,1
2954,1,2953,1
2962,1,2961,1
2970,1,2969,1
2978,1,2977,1
2986,1,2985,1
2994,1,2993,1
3002,1,3001,1
35772,1,35770,1
35772,8,35773,10
35773,1,35771,1
3010,1,3009,1
35780,1,35779,1
35782,1,35781,1
3018,1,3017,1
35791,1,35788,1
35791,8,35792,10
35792,1,35790,1
3026,1,3025,1
15922,1,15921,1
35796,1,35794,1
35797,1,35795,1
3034,1,3033,1
3039,1,2998,1
3042,1,3041,1
3050,1,3049,1
3058,1,3057,1
3066,1,3065,1
3075,1,3074,1
3083,1,3082,1
52237,1,52236,1
52239,1,52238,1
52241,1,52240,1
3091,1,3090,1
52245,1,52244,1
3099,1,3098,1
52253,1,52252,1
52255,1,52254,1
3107,1,3106,1
3115,1,3114,1
3123,1,3122,1
3131,1,3130,1
3139,1,3138,1
3147,1,3146,1
3155,1,3154,1
3163,1,3162,1
3171,1,3170,1
3179,1,3178,1
3187,1,3186,1
52348,1,47915,1
52349,1,47919,1
52350,1,47923,1
3243,1,3242,1
3243,8,3245,10
3245,1,3244,1
53923,1,53905,1
3286,1,3285,1
19721,1,19720,1
19723,1,19722,1
19725,1,19724,1
19727,1,19726,1
19740,1,19739,1
19745,1,19744,1
19745,8,12734,1
19807,1,19806,1
19809,1,19808,1
19811,1,19810,1
19813,1,19812,1
19815,1,19814,1
3473,1,3472,1
3489,1,3488,1
3497,1,3496,1
3505,1,3504,1
3513,1,3512,1
3515,1,3514,1
3517,1,3516,1
3519,1,3518,1
3521,1,3520,1
3529,1,3528,1
3529,8,3531,10
3531,1,3530,1
52684,1,52674,1
52685,1,52679,1
52686,1,52680,1
52687,1,52681,1
52688,1,52682,1
3537,1,3536,1
28487,1,28429,1
3539,1,3538,1
3539,8,3541,10
3541,1,3540,1
3543,1,3542,1
3545,1,3544,1
3547,1,3546,1
3553,1,3552,10
3555,1,3554,10
3557,1,3550,1
3560,1,3559,1
3562,1,3561,1
3564,1,3563,1
3567,1,3566,1
3567,8,3569,10
3569,1,3568,1
3570,1,3565,1
3572,1,3571,1
3574,1,3573,1
3577,1,3576,1
3577,8,3579,10
3579,1,3578,1
3580,1,3575,1
3582,1,3581,1
3587,1,3586,1
3587,8,3589,10
3589,1,3588,1
3590,1,3585,1
3597,1,3596,1
3597,8,3599,10
3599,1,3598,1
3607,1,3606,1
3607,8,3609,10
3609,1,3608,1
19995,1,19994,100
3617,1,3616,1
3617,8,3619,5
20003,1,20002,100
15942,1,15941,1
52791,1,52785,1
52792,1,52786,1
52793,1,52788,1
52794,1,52789,1
52795,1,52787,1
52796,1,52790,1
3654,1,3653,1
3654,8,3656,10
3656,1,3655,1
3664,1,3663,1
3664,8,3666,10
3666,1,3665,1
52819,1,52799,1
52820,1,52800,1
52821,1,52801,1
52822,1,52802,1
52823,1,52803,1
52824,1,52804,1
52825,1,52805,1
52826,1,52806,1
52827,1,52807,1
52828,1,52808,1
52829,1,52809,1
52830,1,52810,1
52831,1,52811,1
52832,1,52812,1
20108,1,17761,1
3734,1,3733,10
3736,1,3735,10
3738,1,3737,10
20126,1,20125,1
3752,1,3751,1
3754,1,3753,1
3765,1,3764,1
3767,1,3766,1
3767,8,11388,1
3769,1,3768,1
3794,1,3793,1
20184,1,20183,1
20184,8,28851,1
20186,1,20185,1
20186,8,28845,1
20188,1,20187,1
20188,8,28849,1
20190,1,20189,1
20190,8,28847,1
52972,1,52917,1
52974,1,52918,1
52975,1,52919,1
52976,1,52920,1
52977,1,52921,1
52978,1,52922,1
3830,1,3829,1
3830,8,3832,10
3832,1,3831,1
20219,1,20218,1
27946,1,27638,1
3840,1,3839,1
3840,8,3842,10
20225,1,20224,1
3842,1,3841,1
20231,1,20230,1
27948,1,27643,1
20237,1,20236,1
20239,1,20238,1
20241,1,20240,1
20243,1,20242,1
20245,1,20244,1
20247,1,20246,1
20249,1,20248,1
20251,1,20250,1
20253,1,20252,1
20255,1,20254,1
27952,1,27951,1
27952,8,4295,10
53029,1,52907,1
53030,1,52915,1
53031,1,52916,5000
53032,1,53035,1
53033,1,53036,1
53034,1,53037,1
20281,1,20280,1
20281,8,4293,10
41613,1,41458,1
3927,1,3923,1
3928,1,3922,1
3938,1,3937,1
3938,8,3940,10
3940,1,3939,1
3942,1,3941,1
3942,8,3944,10
3944,1,3943,1
3948,1,3947,1
3948,8,3950,10
3950,1,3949,1
3954,1,3953,1
3954,8,3956,10
3956,1,3955,1
20344,1,20343,1
61235,1,61215,1
20346,1,20345,1
3963,1,3962,1
20348,1,20347,1
20350,1,20349,1
41621,1,41463,1
20352,1,20351,1
20354,1,20353,1
3978,1,3977,1
3978,8,3980,10
3980,1,3979,1
3982,1,3981,1
3982,8,3984,10
20368,1,20367,1
3988,1,3987,1
3988,8,3990,10
3990,1,3989,1
3991,1,3986,1
3994,1,3993,1
3994,8,3996,10
3996,1,3995,1
4006,1,4005,1
20445,1,20444,1
20445,8,41110,5
20447,1,20446,1
20447,8,41186,5
20449,1,20448,1
20449,8,41145,5
20451,1,20450,1
20451,8,41136,5
20453,1,20452,1
20453,8,41166,5
20455,1,20454,1
20455,8,41172,5
33449,1,33448,1
33449,8,33451,20
33451,1,33450,1
25267,1,25266,1
25267,8,25813,10
4148,1,4147,1
53303,1,53301,5000
53304,1,53302,5000
33460,1,33459,1
20540,1,20539,1
20540,8,41190,5
20556,1,20555,1
20558,1,20557,1
20560,1,20559,1
20562,1,20561,1
20564,1,20563,1
36949,1,36902,1
20566,1,20565,1
41657,1,41515,1
41657,8,41658,5
20568,1,20567,1
36953,1,36956,1
36954,1,36957,1
36955,1,36958,1
20574,1,20573,1
36960,1,35840,1
36961,1,35841,1
36962,1,35842,1
36963,1,35843,1
36964,1,35844,1
36966,1,35832,1
36967,1,35833,1
36968,1,35834,1
36971,1,35825,1
36972,1,35826,1
36973,1,35827,1
36974,1,35828,1
36975,1,35829,1
36976,1,35830,1
36977,1,35835,1
20594,1,20593,1
36979,1,35837,1
36980,1,35838,1
36981,1,35839,1
20598,1,20597,1
20600,1,20599,1
20602,1,20601,1
20604,1,20603,1
20606,1,20605,1
20608,1,20607,1
20610,1,20609,1
20612,1,20611,1
36997,1,35920,1
20614,1,20613,1
36999,1,35916,1
37000,1,35917,1
37001,1,35918,1
20618,1,20617,1
37003,1,35930,1
20620,1,20619,1
37005,1,35932,1
37006,1,35933,1
37007,1,35934,1
37008,1,35923,1
37008,8,47326,5
20626,1,20625,1
20628,1,20627,1
20632,1,20631,1
4249,1,4248,1
20634,1,20633,1
4251,1,4250,1
20636,1,20635,1
4253,1,4252,1
20638,1,20637,1
4255,1,4254,1
20640,1,20639,1
4257,1,4256,1
37026,1,35897,1
4259,1,4258,1
37028,1,35963,1
37028,8,47345,5
4261,1,4260,1
37030,1,35928,1
37031,1,35904,1
37032,1,35899,1
37033,1,35900,1
37034,1,45009,1
4267,1,4266,1
4269,1,4268,1
37038,1,35966,1
4271,1,4270,1
37040,1,35967,1
4273,1,4272,1
37042,1,35951,1
4275,1,4274,1
37044,1,35925,1
37044,8,47333,5
37045,1,35962,1
37045,8,47341,5
37046,1,35957,1
37047,1,35921,1
37047,8,47324,5
37048,1,35922,1
37048,8,47322,5
37049,1,35905,1
37050,1,35906,1
4283,1,4282,1
37052,1,35908,1
37053,1,35909,1
37054,1,35910,1
4287,1,4286,1
4289,1,4288,1
37058,1,35911,1
4291,1,4290,1
37060,1,35965,1
37060,8,47346,5
37061,1,35935,1
37062,1,35929,1
37063,1,35936,1
37064,1,35954,1
37065,1,35952,1
37066,1,35941,1
37066,8,47369,5
37067,1,35937,1
37068,1,35955,1
37071,1,35888,1
37072,1,35889,1
4305,1,4302,1
4307,1,4306,1
4309,1,4308,1
4311,1,4310,1
37080,1,35943,1
37080,8,47350,5
4313,1,4312,40
4314,1,4051,40
4315,1,4247,40
4316,1,4246,40
37085,1,35927,1
20702,1,20701,1
20702,8,41616,5
37087,1,35949,1
37087,8,47335,5
20704,1,20703,1
20704,8,41634,5
4364,1,4363,1
37138,1,37141,1
37139,1,37142,1
4384,1,4383,1
4387,1,4386,1
4389,1,4388,1
4392,1,4391,1
4394,1,4393,1
4394,8,4406,10
4396,1,4395,1
4396,8,4400,1
4398,1,4397,1
4398,8,4402,1
4400,1,4399,1
4402,1,4401,1
4404,1,4403,1
4406,1,4405,1
4408,1,4407,1
4410,1,4409,1
41698,1,41566,1
37287,8,37311,1
37309,1,37164,1
37309,8,37329,1
37310,1,37178,1
37310,8,37342,1
37312,8,37314,1
37315,8,37316,1
37317,8,37318,1
37319,8,37320,1
37321,8,37322,1
37323,8,37324,1
37325,8,37326,1
37326,1,37161,1
37327,8,37328,1
37329,1,37165,1
37330,1,37166,1
37330,8,37331,1
37331,1,37167,1
37332,1,37168,1
37332,8,37333,1
37333,1,37169,1
37334,1,37170,1
37334,8,37335,1
37335,1,37171,1
37338,1,37174,1
37338,8,37339,1
37339,1,37175,1
37340,1,37176,1
37340,8,37341,1
37341,1,37177,1
37342,1,37179,1
37343,1,37180,1
37343,8,37344,1
37344,1,37181,1
53729,1,53711,1
53730,1,53712,1
53731,1,53713,1
37348,1,37185,1
37349,1,37186,1
37349,8,37350,1
37350,1,37187,1
37351,1,37475,1
37352,1,37190,1
37352,8,37353,1
37353,1,37191,1
37354,1,37192,1
37354,8,37355,1
37355,1,37193,1
37356,1,37194,1
37356,8,37357,1
37357,1,37195,1
37358,1,37196,1
37358,8,37359,1
37359,1,37197,1
37360,1,37198,1
37360,8,37361,1
37361,1,37199,1
37364,1,37202,1
37364,8,37365,1
37365,1,37203,1
37366,1,37204,1
37366,8,37367,1
37367,1,37205,1
37368,1,37206,1
37368,8,37369,1
37369,1,37207,1
37370,1,37208,1
37370,8,37371,1
37371,1,37209,1
37372,1,37210,1
37372,8,37373,1
37373,1,37211,1
37374,1,37212,1
37374,8,37375,1
37375,1,37213,1
37376,1,43704,1
37376,8,37377,1
37377,1,43705,1
37378,1,37216,1
37378,8,37379,1
37379,1,37217,1
37380,1,37220,1
37380,8,37381,1
37381,1,37221,1
37382,1,37218,1
37382,8,37383,1
37383,1,37219,1
37384,1,37222,1
37384,8,37385,1
37385,1,37223,1
37386,1,37224,1
37386,8,37387,1
37387,1,37225,1
37388,1,37226,1
37388,8,37389,1
37389,1,37227,1
37390,1,37228,1
37390,8,37391,1
37391,1,37229,1
37392,1,37230,1
37392,8,37393,1
37393,1,37231,1
37394,1,37232,1
37394,8,37395,1
37395,1,37233,1
37396,1,37234,1
37396,8,37397,1
37397,1,37235,1
37398,1,37236,1
37398,8,37399,1
37399,1,37237,1
37400,1,37238,1
37400,8,37401,1
37401,1,37239,1
37402,1,37240,1
37402,8,37403,1
37403,1,37241,1
21020,1,21019,1
37405,1,37243,1
37406,1,37244,1
37406,8,37407,1
37407,1,37245,1
21024,1,21023,1
37409,1,37247,1
21026,1,21025,1
37411,1,37249,1
21028,1,21027,1
37413,1,37250,1
37413,8,37414,1
21030,1,21029,1
37415,1,37252,1
37415,8,37416,1
37416,1,37253,1
37417,1,37254,1
37417,8,37418,1
37418,1,37255,1
37419,1,37256,1
37419,8,37420,1
21036,1,21035,1
37421,1,37258,1
37421,8,37422,1
21038,1,21037,1
37423,1,37260,1
37423,8,37424,1
37424,1,37261,1
37425,1,37262,1
37425,8,37426,1
37426,1,37263,1
37427,1,37264,1
37427,8,37428,1
37428,1,37265,1
37429,1,37266,1
37429,8,37430,1
37430,1,37267,1
37431,1,37268,1
37431,8,37432,1
37432,1,37269,1
37433,1,37270,1
37433,8,37434,1
37434,1,37271,1
37435,1,37272,1
37435,8,37436,1
37436,1,37273,1
37437,1,37274,1
37437,8,37438,1
37438,1,37275,1
21055,1,21054,1
37441,1,37278,1
37441,8,37442,1
37442,1,37279,1
37443,1,37280,1
37443,8,37444,1
37444,1,37281,1
37445,1,37282,1
37445,8,37446,1
37446,1,37283,1
37447,1,37284,1
37447,8,37448,1
37448,1,37285,1
37449,1,37188,1
37449,8,37351,1
53859,1,53853,1
53860,1,53854,1
53861,1,53856,1
53862,1,53857,1
53863,1,53855,1
53864,1,53839,1
21098,1,21097,1
33554,1,33553,1
33556,1,33555,1
41075,1,41067,1
33558,1,33557,1
53908,1,53890,1
53909,1,53891,1
53910,1,53892,1
53911,1,53893,1
53912,1,53894,1
53913,1,53895,1
53914,1,53896,1
53915,1,53897,1
53916,1,53898,1
53917,1,53899,1
53918,1,53900,1
53919,1,53901,1
53920,1,53902,1
53921,1,53903,1
53922,1,53904,1
37539,1,37535,1
37540,1,37536,1
53925,1,53907,1
30833,1,30832,1
30835,1,30834,1
30837,1,30836,1
30840,1,30839,1
3535,1,3534,1
30843,1,30842,1
53988,1,53985,1
53989,1,53986,1
53990,1,53987,1
53991,1,53983,1
37617,1,37482,1
37618,1,37481,1
37619,1,37483,1
37620,1,37480,1
37621,1,37479,1
41625,1,41467,1
52695,1,52694,1
33582,1,33581,1
49968,1,48614,1
49970,1,48616,1
49971,1,49790,1
33588,1,33587,1
49973,1,49792,1
33590,1,33589,1
33592,1,33591,1
21335,1,21334,100
33596,1,33595,1
41085,1,37291,1
41085,8,41090,5
33609,1,33608,1
33611,1,33610,1
37833,1,37821,1
37834,1,37822,1
37835,1,37823,1
37836,1,37824,1
37837,1,37827,1
37838,1,37826,1
37839,1,37828,1
37840,1,37829,1
37852,1,37843,100
37853,1,37844,100
37854,1,37845,100
21471,1,21470,1
37856,1,37847,100
21473,1,21472,1
37858,1,37849,1
21475,1,21474,1
37860,1,37851,1
21477,1,21476,1
21479,1,21478,1
21481,1,21480,1
21483,1,21482,1
21485,1,21484,1
21487,1,21486,1
21489,1,21488,1
21492,1,21491,1
21494,1,21493,1
21497,1,21496,1
21499,1,21498,1
21501,1,21500,1
21505,1,21504,1
21507,1,21506,1
21509,1,21508,1
21511,1,21510,1
21513,1,21512,1
21522,1,21527,1
21524,1,21527,1
21526,1,21527,1
21528,1,21527,1
21530,1,21527,1
21535,1,21534,1
21537,1,21536,1
21539,1,21538,1
21541,1,21540,1
21543,1,21542,1
50012,1,50008,1
21546,1,21545,1
21548,1,21547,1
21550,1,21549,1
21552,1,21551,1
21554,1,21553,1
21556,1,21555,1
50014,1,50010,1
21558,1,21557,1
21560,1,21559,1
21562,1,21561,1
37964,1,37963,1
21604,1,21096,1
41637,1,41510,1
21629,1,21628,1
21639,1,21638,1
21641,1,21640,1
54410,1,54392,1
54411,1,54393,1
54412,1,54394,1
54413,1,54395,1
54414,1,54396,1
54415,1,54397,1
54416,1,54398,1
54417,1,54399,1
54418,1,54400,1
54419,1,54401,1
54420,1,54402,1
54421,1,54403,1
54422,1,54404,1
54423,1,54405,1
54424,1,54406,1
54425,1,54407,1
54426,1,54408,1
54427,1,54409,1
33648,1,33647,1
33650,1,33649,1
33652,1,33651,1
33654,1,33653,1
33656,1,33655,1
3619,1,3618,1
33658,1,33657,1
33660,1,33659,1
33662,1,33661,1
33664,1,33663,1
28204,1,28203,1
33666,1,33665,1
33668,1,33667,1
28208,1,28207,1
33670,1,33669,1
28212,1,28211,1
28216,1,28215,1
21854,1,21853,1
21856,1,21855,1
21858,1,21857,1
21868,1,21867,100
21868,8,24489,10
21868,8,24616,10
50068,1,50053,1
50072,1,50066,1
21943,1,10260,1
21944,1,19758,1
21945,1,10257,1
21946,1,10258,1
21948,1,21947,1
21950,1,21949,1
21952,1,21951,1
21954,1,21953,1
21956,1,21955,1
21958,1,21957,1
21960,1,21959,1
21962,1,21961,1
21964,1,21963,1
21966,1,21965,1
21968,1,21967,1
21970,1,21969,1
33703,1,33702,1
52818,1,52798,1
11859,1,11482,100
33705,1,33704,1
33705,8,33711,10
938,1,591,1
33707,1,33706,1
33707,8,33713,10
940,1,593,1
940,8,11378,1
33709,1,33708,1
33711,1,33710,1
944,1,597,1
944,8,11366,1
944,8,11394,1
33713,1,33712,1
946,1,599,1
946,8,40302,1
947,1,600,1
54842,1,54731,1
54843,1,54732,1
54844,1,54733,1
54845,1,54739,1
54845,8,54850,10
54846,1,54754,1
949,1,602,1
949,8,12031,1
54848,1,54740,1
54849,1,54741,1
54850,1,54742,1
54851,1,54743,1
54852,1,54745,1
54852,8,54855,10
54853,1,54746,1
54854,1,54747,1
54855,1,54748,1
54856,1,54749,1
54857,1,54750,1
54857,8,54860,10
54858,1,54751,1
54859,1,54752,1
54860,1,54753,1
54861,1,54769,500
54861,8,54884,10
54862,1,54770,500
54862,8,54885,10
54863,1,54771,500
54863,8,54884,10
54864,1,54772,500
54864,8,54885,10
54865,1,54773,500
54865,8,54886,10
54866,1,54774,500
54866,8,54887,10
54867,1,54775,500
54867,8,54886,10
54868,1,54776,500
54868,8,54887,10
54869,1,54777,500
54869,8,54888,10
54870,1,54778,500
54870,8,54889,10
54871,1,54779,500
54871,8,54888,10
54872,1,54780,500
54872,8,54889,10
54873,1,54973,1
54873,8,54876,10
54874,1,54974,1
54876,1,54975,1
954,1,607,1
954,8,11173,1
955,1,608,1
955,8,11201,1
955,8,11203,1
54884,1,54784,200
54885,1,54781,200
54886,1,54786,200
54887,1,54785,200
54888,1,54783,200
54889,1,54782,200
28263,1,28262,1
28265,1,28264,1
17344,1,11688,1
28267,1,28266,1
961,1,614,1
962,1,615,1
28269,1,28268,1
17347,1,11551,1
17348,1,11689,1
28271,1,28270,1
17349,1,11532,1
22176,1,22175,1
22176,8,30835,10
22178,1,22177,1
22178,8,30833,10
17350,1,11543,1
28273,1,28272,1
17351,1,11540,1
17352,1,11558,1
28275,1,28274,1
17353,1,11550,1
17354,1,11690,1
17355,1,11542,1
17356,1,11533,1
973,1,628,1
973,8,11966,1
973,8,20126,1
22230,1,22229,1
17359,1,11557,1
979,1,634,1
979,8,11990,1
38660,1,37450,1
38660,8,38661,10
38661,1,37451,1
22292,1,22291,1
22299,1,20069,1
22299,8,4263,10
22300,1,20409,1
22300,8,4265,10
22301,1,22227,1
22301,8,4267,10
22302,1,11014,1
22303,1,20406,1
22303,8,4269,10
22304,1,20405,1
22304,8,4271,10
22305,1,11052,1
22305,8,4273,10
22306,1,20514,1
22306,8,4285,10
22307,1,20124,1
22307,8,4281,10
22308,1,22228,1
22308,8,4283,10
22309,1,20070,1
22309,8,4287,10
22310,1,11017,1
22310,8,4289,10
22311,1,20408,1
22311,8,4291,10
22326,1,22325,1
22328,1,22327,1
22330,1,22329,1
22332,1,22331,1
22429,1,22428,1
22431,1,22430,1
22437,1,22436,1
22441,1,22440,1
22443,1,22442,1
22445,1,22444,1
22447,1,22446,1
22449,1,22448,1
22453,1,22452,1
22457,1,22456,1
22461,1,22460,1
22465,1,22464,1
22467,1,22466,1
22469,1,22468,1
22471,1,22470,1
22475,1,22474,1
22477,1,22476,1
45486,1,44993,1
22543,1,22542,1
22543,8,28577,10
22545,1,22544,1
22547,1,22546,1
22549,1,22548,1
22554,1,22553,1
22554,8,4275,10
22556,1,22555,1
22556,8,4279,10
22558,1,22557,1
22558,8,4277,10
22573,1,22572,1
22577,1,22576,1
22577,8,28579,10
57491,11,57454,10
57492,11,57456,200
57494,11,57455,200
22766,1,22765,1
22766,8,28200,10
22779,1,22778,2
22781,1,22780,1
22783,1,22782,1
11994,1,11993,1
11996,1,11995,1
28384,1,28383,1
22853,1,22852,1
22876,1,22875,1
22878,1,22877,1
22880,1,22879,1
22882,1,22881,1
22884,1,22883,1
22886,1,22885,1
22888,1,22887,1
22890,1,22889,1
22892,1,22891,1
22894,1,22893,1
22896,1,22895,1
22898,1,22897,1
22900,1,22899,1
22902,1,22901,1
22904,1,22903,1
22906,1,22905,1
22908,1,22907,1
22910,1,22909,1
22912,1,22911,1
22914,1,22913,1
22916,1,22915,1
22918,1,22917,1
22920,1,22919,1
22922,1,22921,1
22924,1,22923,1
22926,1,22925,1
22928,1,22927,1
22930,1,22929,1
22932,1,22931,1
22934,1,22933,1
22936,1,22935,1
22938,1,22937,1
22940,1,22925,1
22942,1,22925,1
22944,1,22943,1
22946,1,22945,1
22948,1,22947,1
22950,1,22949,1
22952,1,23416,1
22954,1,22953,1
1095,1,519,1
17483,1,17482,1
17483,8,17913,10
17483,8,24306,10
33868,1,33867,1
57504,11,57467,10
55762,1,55760,1
55763,1,55761,1
1102,1,526,1
1102,8,1103,10
1105,1,529,1
1105,8,1191,10
57505,11,57468,10
33874,1,33873,1
23056,1,23055,1
23056,8,41375,10
33880,1,33879,1
23058,1,23057,1
23058,8,41378,10
23060,1,23059,1
23060,8,41381,10
23062,1,23061,1
23062,8,41384,10
33882,1,33881,1
23072,1,23071,1
33884,1,33883,1
1117,1,566,1
1117,8,3131,10
55861,1,55860,1
55863,1,55862,1
1119,1,568,1
1119,8,3147,10
57508,1,57471,1
1121,1,570,1
1121,8,3083,10
33891,1,33890,1
33891,8,33893,1
33893,1,33892,1
57509,1,57472,1
33895,1,33894,1
33895,8,33897,1
33897,1,33896,1
33899,1,33898,1
33899,8,33901,1
33901,1,33900,1
33903,1,33902,1
33903,8,33905,1
39580,1,37457,1
39581,1,37458,1
33870,1,33869,1
39583,1,37135,1
33905,1,33904,1
17523,1,17522,1
17525,1,17524,1
28449,1,28388,1
17527,1,17526,1
61218,1,61198,1
61218,8,61220,10
12067,1,12066,1
12067,8,12069,10
1145,1,230,100
1145,8,12790,10
28452,1,28391,1
20261,1,20260,1
28454,1,28393,1
33916,1,33915,1
20263,1,20262,1
28456,1,28395,1
20265,1,20264,1
28458,1,28397,1
28459,1,28398,1
1153,1,238,100
1153,8,12792,10
28460,1,28399,1
61229,1,61209,1
61229,8,61231,10
1155,1,240,1
28462,1,28400,1
61231,1,61211,1
1157,1,242,1
28464,1,28403,1
61233,1,61213,1
61233,8,61235,10
1159,1,244,1
1159,8,12566,10
28466,1,28405,1
57516,1,57479,1
1161,1,246,1
1161,8,12558,10
28468,1,28407,1
28469,1,28408,1
1166,1,251,1
1166,8,12819,10
15509,1,15508,1
15509,8,21639,10
17552,1,17551,1
1170,1,255,1
1170,8,12825,10
23415,1,23414,1
23417,1,23416,1
23419,1,23418,1
17558,1,17557,1
41073,1,37296,1
57519,1,57482,20
1177,1,262,1
1177,8,12829,10
57520,1,57483,1
28488,1,28418,1
23474,1,23473,1
28489,1,28419,1
40746,1,40736,1
28493,1,28432,1
23507,1,23506,1
23511,1,23510,1
23513,1,23512,1
23524,1,23523,1
23524,8,28198,10
23526,1,23525,1
23526,8,28214,10
23528,1,23527,1
23528,8,24428,10
23534,1,23533,1
23534,8,24439,10
23537,1,23536,1
23560,1,23559,1
23560,8,28210,10
23562,1,23561,1
23562,8,28212,10
23564,1,23563,1
23564,8,28216,10
20588,1,20587,1
15678,1,15677,1
40747,1,40737,1
23660,1,23659,1
33982,1,33981,1
33984,1,33983,1
33986,1,33985,1
23703,1,23702,1
23706,1,23705,1
23708,1,23707,1
23710,1,23709,1
23710,8,28206,10
23712,1,23711,1
23712,8,28202,10
23714,1,23713,1
23716,1,23715,1
23718,1,23717,1
23718,8,28208,10
23720,1,23719,1
23720,8,28204,10
23722,1,23721,1
23724,1,23723,1
23726,1,23725,1
23728,1,23727,1
23730,1,23729,1
23732,1,23731,1
23736,1,23735,1
23758,1,23757,1
23760,1,23759,1
23774,1,23773,1
17704,1,17703,1
23784,1,23783,1
23786,1,23785,1
23788,1,23787,1
23790,1,23789,1
23792,1,23791,1
23794,1,23793,1
23796,1,23795,1
23798,1,23797,1
23800,1,23799,1
23802,1,23801,1
23804,1,23803,1
23806,1,23805,1
23808,1,23807,1
23810,1,23809,1
23812,1,23811,1
23814,1,23813,1
23816,1,23815,1
23818,1,23817,1
23820,1,23819,1
23822,1,23821,1
23825,1,23824,1
23830,1,23829,1
23835,1,23834,1
23837,1,23836,1
23839,1,23838,1
23841,1,23840,1
23843,1,23842,1
23845,1,23844,1
23847,1,23846,1
23849,1,23848,1
23851,1,23850,1
23853,1,23852,1
23855,1,23854,1
23857,1,23856,1
23865,1,23864,1
23867,1,23866,1
23869,1,23868,1
23888,1,23883,1
23895,1,23894,1
23897,1,23896,1
23899,1,23898,1
23901,1,23900,1
23903,1,23902,1
3984,1,3983,1
23912,1,23911,1
23914,1,23913,1
23916,1,23915,1
40301,1,37459,1
23918,1,23917,1
23920,1,23919,1
40311,1,40307,1
40312,1,40308,1
40313,1,40309,1
40314,1,40310,1
40315,1,37456,1
40316,1,37455,1
40317,1,37454,1
56702,1,56701,1
40336,1,40334,1
40337,1,40335,1
23954,1,23953,1
40339,1,37546,1
56734,1,56735,1
1265,1,1264,1
1265,8,1267,10
56749,1,56748,2
1267,1,1266,1
17659,1,17658,100
17659,8,41325,10
17661,1,17660,100
56832,1,56733,1
31319,1,31318,1
1123,1,572,1
1123,8,3115,10
17669,1,17668,100
17671,1,17670,100
40521,1,40340,1
1295,1,1294,1
1295,8,1297,10
53724,1,53706,1
1297,1,1296,1
45541,1,45538,1
17689,1,17688,1
17689,8,41337,10
1307,1,1306,1
37414,1,37251,1
24284,1,24283,1
24284,8,41416,5
40672,1,40659,1
40672,8,40675,5
40673,1,40660,1
40674,1,40661,1
40675,1,40662,1
40676,1,40663,1
40677,1,40664,1
40684,1,40665,1
40684,8,40687,5
40685,1,40666,1
40686,1,40667,1
40687,1,40668,1
40688,1,40669,1
40689,1,40670,1
24306,1,24305,1
40719,1,40714,1
40719,8,40722,5
40720,1,40715,1
40721,1,40716,1
40722,1,40717,1
40723,1,40718,1
24349,1,24348,1
24349,8,4251,10
40740,1,40730,1
40740,8,40744,5
40741,1,40731,1
40742,1,40732,1
40743,1,40733,1
40744,1,40734,1
57129,1,57110,1
57130,1,57111,1
57131,1,57112,1
57132,1,57113,1
57133,1,57114,1
57134,1,57117,1
57135,1,57118,1
57136,1,57119,1
57137,1,57120,1
57138,1,57121,1
57139,1,57122,1
57140,1,57123,1
40757,1,40756,1
57142,1,57124,1
57143,1,57125,1
57144,1,57126,1
57145,1,57127,1
57146,1,57128,1
57147,1,57116,1
40765,1,40764,1
24396,1,24395,1
24396,8,24418,10
53732,1,53715,1
24418,1,24417,1
24428,1,24427,1
24439,1,24438,1
24444,1,24443,1
24469,1,24468,1
24472,1,24471,5000
24474,1,24473,5000
24476,1,24475,5000
24484,1,24483,1
24487,1,24486,5000
24489,1,24488,5000
24491,1,24490,5000
24496,1,24495,5000
24498,1,24497,5000
45043,1,42242,1
24500,1,24499,5000
24502,1,24501,5000
17737,1,17736,1
24504,1,24503,5000
45044,1,42243,1
24506,1,24505,5000
24508,1,24507,5000
24510,1,24509,5000
24512,1,24511,5000
24514,1,24513,5000
17739,1,17738,1
24516,1,24515,5000
24518,1,24517,5000
24520,1,24519,5000
24522,1,24521,5000
24524,1,24523,5000
24526,1,24525,5000
34125,1,34124,1
24528,1,24527,5000
24530,1,24529,5000
24532,1,24531,5000
24534,1,24533,5000
24536,1,24535,5000
40753,1,40752,1
24538,1,24537,5000
24540,1,24539,5000
24542,1,24541,5000
24543,1,24479,5000
24544,1,13119,5000
24546,1,24545,1
24548,1,24547,1
24549,1,23674,1
24551,1,24550,1
24553,1,24552,1
24555,1,24554,1
24557,1,24556,1
24559,1,24558,1
24561,1,24560,1
24570,1,24569,1
24570,8,41623,5
24604,1,24478,5000
24605,1,24477,5000
24614,1,24492,5000
24615,1,24494,5000
24616,1,13856,5000
24617,1,24493,5000
24621,1,24620,1
24623,1,24622,1
12297,1,12198,1
12297,8,26893,10
24645,1,24644,1
24645,8,4253,10
12301,1,12200,1
12301,8,26889,10
57429,1,57319,1
41068,1,37290,1
41068,8,41073,5
41069,1,37297,1
41070,1,41063,1
41071,1,41064,1
41072,1,41065,1
24689,1,24688,1
41074,1,41066,1
24691,1,24690,1
24693,1,24692,1
24695,1,24694,1
24697,1,24696,1
24697,8,22449,1
24699,1,24698,1
24699,8,22471,1
24701,1,24700,1
24701,8,22443,1
41086,1,37301,1
24703,1,24702,1
24703,8,22445,1
41088,1,41077,1
41089,1,41078,1
41090,1,37300,1
41091,1,41079,1
41092,1,37289,1
41092,8,41097,5
41093,1,37305,1
41094,1,41080,1
41095,1,41081,1
41096,1,41082,1
41097,1,37304,1
41098,1,41083,1
41105,1,41099,1
41106,1,41100,1
41107,1,41101,1
41108,1,41102,1
57493,11,57457,200
41110,1,37298,1
41111,1,41103,1
57496,11,57459,20
41113,1,41104,1
57498,11,57461,20
57499,11,57462,20
57500,11,57463,20
57501,11,57464,20
57502,11,57465,20
57503,11,57466,10
41120,1,41114,1
41121,1,41115,1
41122,1,41116,1
41123,1,41117,1
41124,1,41118,1
41125,1,41119,1
57510,1,57473,1
57511,1,57474,1
57512,1,57475,1
57513,1,57476,1
57514,1,57477,1
57515,1,57478,1
41132,1,41126,1
41133,1,41127,1
41134,1,41128,1
41135,1,41129,1
41136,1,37302,1
41137,1,41130,1
57522,1,57485,20
57523,1,57486,1
57524,1,57487,1
57525,1,57488,1
57526,1,57489,1
41143,1,41138,1
41144,1,41139,1
41145,1,37303,1
41146,1,41140,1
41147,1,41142,1
41148,1,41141,1
41161,1,41150,1
41162,1,41151,1
41163,1,41152,1
41165,1,41153,1
41166,1,37306,1
41167,1,41154,1
41168,1,41156,1
41169,1,41157,1
41170,1,41158,1
41171,1,41159,1
41172,1,37307,1
41173,1,41160,1
41177,1,41175,1
41178,1,41176,1
41179,1,41174,1
41183,1,41180,1
41184,1,41181,1
41185,1,41182,1
41186,1,37299,1
41187,1,37295,1
41190,1,37294,1
41221,1,41040,1
41221,8,41222,10
41222,1,41057,1
41225,1,37288,1
41225,8,41228,5
41226,1,41223,1
41227,1,41224,1
41228,1,37292,1
41229,1,37293,1
41230,1,41155,1
41242,1,41236,1
41242,8,41245,5
41243,1,41237,1
41244,1,41238,1
41245,1,41239,1
41246,1,41240,1
41248,1,41241,1
41256,1,41249,1
41256,8,41261,5
41257,1,41250,1
41258,1,41251,1
41260,1,41255,1
41261,1,41253,1
41262,1,41254,1
41278,1,41270,5000
41279,1,41271,5000
41280,1,41272,5000
41281,1,41273,5000
41282,1,41274,5000
41283,1,41275,5000
41284,1,41276,5000
41285,1,41277,5000
41288,1,41286,5000
41289,1,41287,5000
41292,1,41290,5000
41293,1,41291,5000
41296,1,41294,5000
41297,1,41295,5000
41300,1,41298,5000
41301,1,41299,5000
41313,1,41252,1
41315,1,41314,5000
41317,1,41316,5000
41319,1,41318,5000
41321,1,41320,5000
41323,1,41322,5000
41325,1,41324,5000
41327,1,41326,5000
41329,1,41328,5000
41331,1,41330,4
41333,1,41332,4
41335,1,41334,4
41337,1,41336,4
41351,1,40563,1
41352,1,40561,1
41353,1,40567,1
41354,1,40565,1
41355,1,40362,1
41355,8,41356,10
41356,1,40560,1
41361,1,40363,1
41361,8,41362,10
41362,1,40566,1
41363,1,40364,1
41363,8,41364,10
41364,1,40562,1
41365,1,40365,1
41365,8,41366,10
41366,1,40564,1
41367,1,37599,1
41367,8,41368,10
41368,1,40568,1
41369,1,40345,1
41369,8,41370,10
41370,1,40569,1
41371,1,40346,1
41371,8,41372,10
41372,1,40570,1
41373,1,40347,1
41373,8,41374,10
41374,1,40571,1
12357,1,12356,1
41376,1,40358,1
41376,8,41377,10
41377,1,40552,1
41378,1,40557,1
41379,1,40359,1
41379,8,41380,10
41380,1,40554,1
41381,1,40558,1
41382,1,40360,1
41382,8,41383,10
41383,1,40555,1
41384,1,40559,1
41385,1,40361,1
41385,8,41386,10
41386,1,40553,1
41388,1,40697,1
41389,1,40700,1
41390,1,40636,1
41391,1,40698,1
41392,1,40699,1
41393,1,40635,1
41394,1,40696,1
41395,1,41350,1
41412,1,41411,1
41413,1,41414,1
41416,1,41415,1
41418,1,41417,1
41430,1,41423,1
41431,1,41424,1
41431,8,41432,1
41432,1,41425,1
41433,1,41426,1
41433,8,41434,1
41434,1,41427,1
41435,1,41428,1
41435,8,41436,1
41436,1,41429,1
41437,1,41422,1
41437,8,41430,1
41438,1,40634,1
1446,1,1445,1
1446,8,1448,10
41446,1,41439,1
41447,1,41440,1
41448,1,41441,1
41449,1,41442,1
41450,1,41443,1
41451,1,41444,1
41452,1,40632,1
1448,1,1447,1
11201,1,11200,1
21022,1,21021,1
20570,1,20569,1
17842,1,17841,1
17844,1,17843,1
41532,1,40633,1
11203,1,11202,1
41535,1,41533,1
41536,1,41534,1
20576,1,20575,1
20578,1,20577,1
20580,1,20579,1
36965,1,35845,1
20582,1,20581,1
41582,1,37604,1
41583,1,37605,1
41584,1,37607,1
41585,1,37606,1
41590,1,41517,1
41591,1,41518,1
41592,1,41519,1
41593,1,41520,1
41594,1,41521,1
41595,1,41522,1
41596,1,41523,1
41597,1,41524,1
41598,1,41489,10
41599,1,40354,1
41599,8,41602,5
41600,1,40356,1
41601,1,40355,1
41602,1,40357,1
41603,1,41459,1
41604,1,41460,1
41605,1,41461,1
41606,1,41462,1
41607,1,40348,1
41607,8,41610,5
41608,1,40350,1
41609,1,40349,1
41610,1,40351,1
41611,1,41456,1
41612,1,41457,1
34242,1,34241,1
41614,1,41498,1
41615,1,41499,1
41616,1,41500,1
41618,1,41501,1
41619,1,41502,1
41620,1,41503,1
20590,1,20589,1
41622,1,41464,1
41623,1,41466,1
41624,1,41465,1
17860,1,17859,100
17860,8,41278,10
17860,8,41279,10
41626,1,41468,1
41627,1,41511,1
41627,8,41630,5
41628,1,41512,1
41628,8,41630,5
41629,1,41513,1
41629,8,41630,5
41630,1,41514,1
41631,1,41475,1
41632,1,41505,1
41633,1,41506,1
41634,1,41507,1
41635,1,41508,1
41636,1,41509,1
34246,1,34245,1
41638,1,41504,1
41639,1,41484,1
41639,8,41641,5
41640,1,41485,1
41641,1,41486,1
41642,1,41487,1
41643,1,41488,1
41644,1,41491,1
41644,8,41646,5
41645,1,41492,1
41646,1,41493,1
41647,1,41494,1
41648,1,41495,1
41649,1,41480,1
41650,1,41481,1
41651,1,41482,1
41652,1,41483,1
41653,1,41476,1
41654,1,41477,1
41655,1,41478,1
41656,1,41479,1
20596,1,20595,1
41658,1,41525,1
41659,1,41526,1
41660,1,41527,1
41661,1,41530,1
41662,1,41516,1
41662,8,41663,5
41663,1,41528,1
41664,1,41531,1
41665,1,41529,1
41666,1,41469,1
41667,1,41470,1
41668,1,41471,1
41669,1,41474,1
41670,1,41473,1
41671,1,41472,1
25303,1,9950,1
25307,1,10155,1
25308,1,10156,1
25309,1,9947,1
25310,1,10151,1
25311,1,10152,1
41697,1,41565,1
25314,1,10164,1
25322,1,15462,1
25323,1,15463,1
34258,1,34257,1
25327,1,15466,1
25328,1,15477,1
25329,1,15478,1
17885,1,17884,1
37002,1,35919,1
37004,1,35931,1
20622,1,20621,1
20624,1,20623,1
20630,1,20629,1
25503,1,15458,1
25504,1,15480,1
25505,1,15461,1
25506,1,15464,1
25507,1,10165,1
25508,1,15479,1
25509,1,15460,1
25510,1,15457,1
25511,1,15465,1
25512,1,10166,1
25513,1,15459,1
37021,1,35939,1
37022,1,35892,1
37023,1,35894,1
37024,1,35895,1
25539,1,25349,1
25541,1,25540,1
25543,1,25542,1
20642,1,20641,1
37027,1,35898,1
25562,1,25561,1
25562,8,25564,10
25564,1,25563,1
37404,1,37242,1
37404,8,37405,1
37029,1,35926,1
37029,8,47328,5
4263,1,4262,1
25584,1,25555,1
25585,1,25554,1
25586,1,25556,1
25587,1,25553,1
4265,1,4264,1
37037,1,35938,1
17923,1,17922,1
37039,1,35958,1
34309,1,34308,1
37041,1,35940,1
37041,8,47339,5
37043,1,35924,1
37043,8,47331,5
31583,1,31582,1
4277,1,4276,1
31585,1,31584,1
4279,1,4278,1
31587,1,31586,1
31587,8,31593,1
1550,1,1549,1
4281,1,4280,1
31589,1,31588,1
31589,8,31595,1
37051,1,35907,1
4285,1,4284,1
21042,1,21041,1
25716,1,25715,1
25737,1,25736,1
25737,8,26287,1
37410,1,37248,1
37410,8,37411,1
42134,1,42132,1
42135,1,42133,1
42136,1,42124,1
42137,1,42125,1
42138,1,42126,1
4293,1,4292,1
4295,1,4294,1
25772,1,25771,1
4298,1,4296,1
4300,1,4299,1
25813,1,25812,1
37073,1,35890,1
52689,1,52683,1
37075,1,35953,1
25852,1,25851,1
25854,1,25853,1
25856,1,25855,1
25858,1,25857,1
25862,1,25861,1
25862,8,30837,10
37079,1,35915,1
37081,1,35947,1
37081,8,47367,5
25889,1,25888,1
25889,8,26289,1
25891,1,25890,1
25891,8,26291,1
25893,1,25892,1
25893,8,26293,1
25895,1,25894,1
25895,8,26303,1
25897,1,25896,1
25897,8,26295,1
25899,1,25898,1
25899,8,26297,1
25901,1,25900,1
25901,8,26299,1
25903,1,25902,1
25903,8,26301,1
25907,1,25906,1
25907,8,26445,1
25909,1,25908,1
25909,8,26325,1
25911,1,25910,1
25911,8,26331,1
25913,1,25912,1
25913,8,26333,1
25915,1,25914,1
25915,8,26335,1
25917,1,25916,1
25917,8,26327,1
25919,1,25918,1
25919,8,26329,1
25921,1,25920,1
25921,8,26339,1
25923,1,25922,1
25925,1,25924,1
25925,8,26341,1
25929,1,25928,1
25929,8,26345,1
25931,1,25930,1
25931,8,26343,1
25933,1,25932,1
25933,8,26347,1
25935,1,25934,1
25935,8,26349,1
25937,1,25936,1
25937,8,26351,1
25949,1,25948,1
25949,8,26375,1
25951,1,25950,1
25951,8,26369,1
25953,1,25952,1
25953,8,26373,1
25955,1,25954,1
25955,8,26377,1
25957,1,25956,1
25957,8,26371,1
25969,1,25968,1
25969,8,26379,1
25971,1,25970,1
25971,8,26387,1
25973,1,25972,1
25973,8,26389,1
25975,1,25974,1
25975,8,26391,1
25977,1,25976,1
25977,8,26385,1
25979,1,25978,1
25979,8,26381,1
25981,1,25980,1
25981,8,26383,1
25997,1,25996,1
25997,8,26393,1
25999,1,25998,1
25999,8,26401,1
26001,1,26000,1
26001,8,26403,1
26003,1,26002,1
26003,8,26405,1
26005,1,26004,1
26005,8,26399,1
26007,1,26006,1
26007,8,26395,1
26009,1,26008,1
26009,8,26397,1
26017,1,26016,1
26017,8,26417,1
26019,1,26018,1
26019,8,26409,1
26021,1,26020,1
26021,8,26415,1
26023,1,26022,1
26023,8,26419,1
26025,1,26024,1
26025,8,26411,1
26027,1,26026,1
26027,8,26407,1
26029,1,26028,1
26029,8,26413,1
26031,1,26030,1
26031,8,26421,1
26039,1,26038,1
26039,8,26429,1
26041,1,26040,1
26041,8,26433,1
26043,1,26042,1
26043,8,26435,1
26047,1,26046,1
26047,8,26431,1
26049,1,26048,1
26049,8,26425,1
26057,1,26056,1
26057,8,26307,1
26059,1,26058,1
26059,8,26311,1
26061,1,26060,1
26061,8,26319,1
26063,1,26062,1
26063,8,26309,1
26065,1,26064,1
26065,8,26315,1
26067,1,26066,1
26067,8,26321,1
26069,1,26068,1
26069,8,26323,1
26071,1,26070,1
26071,8,26313,1
26073,1,26072,1
26073,8,26305,1
26077,1,26076,1
26077,8,26437,1
26079,1,26078,1
26079,8,26439,1
26081,1,26080,1
26081,8,26441,1
26083,1,26082,1
26083,8,26443,1
26085,1,26084,1
26085,8,26451,1
26087,1,26086,1
26087,8,26453,1
26089,1,26088,1
26089,8,26449,1
26091,1,26090,1
26091,8,26447,1
26097,1,26096,1
26097,8,26367,1
26101,1,26100,1
26101,8,26365,1
26103,1,26102,1
26103,8,26359,1
26105,1,26104,1
26105,8,26363,1
26107,1,26106,1
26107,8,26353,1
26109,1,26108,1
26109,8,26361,1
26111,1,26110,1
26111,8,26355,1
26113,1,26112,1
26113,8,26357,1
58905,1,58904,1
42524,1,42245,1
42525,1,42246,1
49972,1,49791,1
26174,1,26173,1
58955,1,58919,1
58955,8,58975,10
58973,1,58966,1
58974,1,58971,1
58975,1,58972,1
4370,1,4369,1
26287,1,26286,1
26289,1,26288,1
26291,1,26290,1
26293,1,26292,1
26295,1,26294,1
26297,1,26296,1
26299,1,26298,1
26301,1,26300,1
26303,1,26302,1
26305,1,26304,1
26307,1,26306,1
26309,1,26308,1
26311,1,26310,1
26313,1,26312,1
26315,1,26314,1
26319,1,26318,1
26321,1,26320,1
26323,1,26322,1
26325,1,26324,1
26327,1,26326,1
9945,1,9944,1
9945,8,10191,10
26331,1,26330,1
26333,1,26332,1
26335,1,26334,1
26337,1,26336,1
26339,1,26338,1
26341,1,26340,1
26343,1,26342,1
26345,1,26344,1
26347,1,26346,1
26349,1,26348,1
26351,1,26350,1
26353,1,26352,1
26355,1,26354,1
26357,1,26356,1
26359,1,26358,1
26361,1,26360,1
26363,1,26362,1
26365,1,26364,1
26367,1,26366,1
26369,1,26368,1
26371,1,26370,1
26373,1,26372,1
26375,1,26374,1
26377,1,26376,1
26379,1,26378,1
26381,1,26380,1
26383,1,26382,1
26385,1,26384,1
26387,1,26386,1
26389,1,26388,1
26391,1,26390,1
26393,1,26392,1
26395,1,26394,1
26397,1,26396,1
26399,1,26398,1
26401,1,26400,1
59171,1,58945,1
59171,8,59172,10
59172,1,58950,1
26405,1,26404,1
26407,1,26406,1
26409,1,26408,1
26411,1,26410,1
26413,1,26412,1
26415,1,26414,1
26417,1,26416,1
26419,1,26418,1
26421,1,26420,1
26423,1,26422,1
10040,1,10039,1
26425,1,26424,1
26427,1,26426,1
26429,1,26428,1
26431,1,26430,1
26433,1,26432,1
26435,1,26434,1
26437,1,26436,1
26439,1,26438,1
26441,1,26440,1
26443,1,26442,1
26445,1,26444,1
26447,1,26446,1
26449,1,26448,1
26451,1,26450,1
26453,1,26452,1
31717,1,31716,1
31717,8,31723,1
31719,1,31718,1
31719,8,31725,1
31721,1,31720,1
31721,8,31727,1
42874,1,42832,500
42875,1,42834,500
42876,1,42833,500
42877,1,42837,500
42878,1,42836,500
42879,1,42835,500
42880,1,42831,500
42881,1,42829,500
42882,1,42830,500
42883,1,42694,500
42884,1,42696,500
42885,1,42695,500
42886,1,42838,500
42887,1,42839,500
42888,1,42840,500
42889,1,42522,1
42891,1,42890,1
31725,1,31724,1
48111,1,47935,5000
10191,1,10190,1
26598,1,26597,1
26600,1,26599,1
26602,1,26601,1
26604,1,26603,1
12626,1,12625,5000
26607,1,3651,1
12628,1,12627,5000
12630,1,12629,5000
10247,1,10246,1
10247,8,10251,10
10251,1,10250,1
941,1,594,1
941,8,12043,1
941,8,12045,1
12632,1,12631,5000
26759,1,20138,1
26759,8,25716,10
26760,1,20306,100
26760,8,24491,10
26760,8,24617,10
26761,1,20308,100
26761,8,24487,10
26761,8,24615,10
26762,1,20307,100
26762,8,2680,10
26762,8,24614,10
26843,1,26842,1
26850,1,26849,1
11199,1,11198,1
59632,1,59630,1
26870,1,26869,1
26889,1,26888,1
26891,1,26890,1
26893,1,26892,1
26329,1,26328,1
59678,1,59633,1
26915,1,26914,1
26916,1,26913,1
26917,1,26912,1
26926,1,26925,1
26928,1,26927,1
26930,1,26929,1
26930,8,26932,1
26932,1,26931,1
26961,1,26960,1
26963,1,26962,1
26965,1,26964,1
26967,1,26966,1
26984,1,26983,1
31713,1,31712,1
10630,1,10629,1
10630,8,10632,10
27015,1,27014,1
10632,1,10631,1
27020,1,27019,1
27022,1,27021,1
27022,8,27024,1
27024,1,27023,1
10643,1,10642,1
27039,1,27038,1
10679,1,10678,1
10679,8,10681,10
27065,1,27064,1
27065,8,31050,1
27067,1,27066,1
27069,1,27068,1
27069,8,31078,1
12710,1,12709,1
12710,8,19807,10
12712,1,12711,1
12714,1,12713,1
12716,1,12715,1
12718,1,12717,1
43544,1,42528,1
43544,8,43609,10
43545,1,42529,1
43545,8,43610,10
43546,1,42530,1
43546,8,43611,10
43547,1,42526,1
43547,8,43607,10
43548,1,42527,1
43548,8,43608,10
10837,1,10836,1
10837,8,10851,10
10839,1,10838,1
10839,8,10859,10
43608,1,43554,1
10841,1,10840,1
10841,8,10843,10
43610,1,43555,1
10843,1,10842,1
10851,1,10850,1
10859,1,10858,1
43659,1,43658,1
43661,1,43660,1
43663,1,43662,1
43665,1,43664,1
27300,1,27299,1
27302,1,27301,1
27304,1,27303,1
27306,1,27305,1
21095,1,21094,1
27309,1,17368,1
1823,1,1822,100
26403,1,26402,1
11012,1,11011,1
53722,1,53704,1
53723,1,53705,1
45532,1,45531,1
53725,1,53707,1
53726,1,53708,1
53727,1,53709,1
53728,1,53710,1
11074,1,19534,1
37345,1,37182,1
37346,1,37183,1
37346,8,37345,1
37347,1,37184,1
37347,8,37348,1
45540,1,45537,1
53733,1,53714,1
45542,1,45539,1
11130,1,11129,1
11133,1,11132,1
43902,1,43894,1
11135,1,11134,1
43904,1,43896,1
43906,1,43898,1
43908,1,43900,1
43910,1,42244,1
43911,1,43699,1
43911,8,43912,10
43912,1,43700,1
43913,1,43701,1
43914,1,43694,1
31895,1,31894,1
43916,1,43681,1
43925,1,35881,1
43926,1,35886,1
43927,1,35878,1
43928,1,35891,1
43929,1,35877,1
43934,1,3218,1
11173,1,11172,1
11175,1,11174,1
11177,1,11176,1
11179,1,11178,1
11183,1,11182,1
11185,1,11184,1
60338,1,60313,1
60338,8,60339,10
60339,1,60314,1
60340,1,60315,1
60341,1,60276,1
60341,8,60342,10
60342,1,60281,1
60343,1,60285,1
60343,8,60344,10
60344,1,60288,1
60345,1,60291,1
60345,8,60346,10
60346,1,60294,1
60347,1,60297,1
60347,8,60348,10
60348,1,60300,1
60349,1,60303,1
60349,8,60350,10
60350,1,60306,1
60351,1,60283,1
60352,1,60284,1
60353,1,60289,1
60354,1,60290,1
60355,1,60295,1
60356,1,60296,1
60357,1,60301,1
60358,1,60302,1
60359,1,60307,1
60360,1,60308,1
60361,1,60311,1
60362,1,60312,1
60363,1,60279,1
60363,8,60351,10
60364,1,60280,1
60364,8,60352,10
60365,1,60286,1
60365,8,60353,10
60366,1,60287,1
60366,8,60354,10
60367,1,60292,1
60367,8,60355,10
60368,1,60293,1
60368,8,60356,10
60369,1,60298,1
60369,8,60357,10
60370,1,60299,1
60370,8,60358,10
60371,1,60304,1
60371,8,60359,10
60372,1,60305,1
60372,8,60360,10
60373,1,60309,1
60373,8,60361,10
60374,1,60310,1
60374,8,60362,10
11226,1,11225,1
11228,1,11227,1
11228,8,11230,10
11230,1,11229,1
27680,1,27607,1
44002,1,43920,1
44002,8,44003,1
44003,1,43921,1
44004,1,37160,1
44004,8,44005,1
44005,1,37161,1
44006,1,37158,1
44006,8,44007,1
44007,1,37159,1
44008,1,37150,1
44008,8,44009,1
44009,1,37151,1
44010,1,37156,1
44010,8,44011,1
44011,1,37157,1
44012,1,37148,1
44012,8,44013,1
44013,1,37149,1
44014,1,37154,1
44014,8,44015,1
44015,1,37155,1
44016,1,37162,1
44016,8,44017,1
44017,1,37163,1
11250,1,11249,1
44019,1,37147,1
44020,1,43919,1
44020,8,44021,1
44021,1,37153,1
44022,1,43732,1
44022,8,44023,1
44023,1,37152,1
44024,1,43733,1
44024,8,44025,1
44025,1,43734,1
11258,1,11257,1
11258,8,11260,10
44027,1,43854,1
11260,1,11259,1
44029,1,43857,1
44030,1,43858,1
44030,8,44031,1
44031,1,43859,1
44032,1,43860,1
44032,8,44033,1
44033,1,43861,1
11266,1,11265,1
44035,1,43863,1
11268,1,11267,1
11268,8,11270,10
44037,1,43864,1
11270,1,11269,1
44039,1,43866,1
44040,1,43869,1
44040,8,44041,1
44041,1,43868,1
44042,1,43870,1
44042,8,44043,1
44044,1,43872,1
44044,8,44045,1
44045,1,43873,1
44046,1,43875,1
44046,8,44047,1
44048,1,43876,1
44048,8,44049,1
44050,1,43879,1
44050,8,44051,1
44052,1,43880,1
44052,8,44053,1
44053,1,43881,1
44054,1,43885,1
44054,8,44055,1
44055,1,43884,1
44056,1,43883,1
44056,8,44057,1
44057,1,43882,1
44058,1,43887,1
44058,8,44059,1
44059,1,43886,1
11292,1,11291,1
11292,8,20344,10
27677,1,27539,1
11294,1,11293,1
11294,8,20346,10
27679,1,27678,1
11296,1,11295,1
11296,8,20348,10
44065,1,43892,1
27682,1,27530,1
27684,1,27589,1
27685,1,27592,1
11302,1,11301,1
11302,8,11643,10
27688,1,27532,1
27689,1,27591,1
27690,1,27594,1
44075,1,43711,1
44076,1,43707,1
44076,8,44077,1
44077,1,43708,1
44078,1,43718,1
44078,8,44079,1
44079,1,43719,1
44080,1,43716,1
44080,8,44081,1
44081,1,43717,1
44082,1,43714,1
44082,8,44083,1
27699,1,27533,1
44084,1,43729,1
44084,8,44085,1
44085,1,43730,1
44086,1,37173,1
44086,8,44087,1
44087,1,37172,1
27704,1,27597,1
27705,1,27535,1
44090,1,43722,1
44090,8,44091,1
44091,1,43723,1
44092,1,43724,1
44092,8,44093,1
44093,1,43725,1
44094,1,43720,1
44094,8,44095,1
44095,1,43721,1
44096,1,43726,1
44096,8,44097,1
27713,1,27538,1
27714,1,27606,1
44103,1,44102,1
44106,1,42685,1
44115,1,44114,1
44116,1,44113,1
44117,1,44112,1
44118,1,44111,1
11356,1,11355,1
11356,8,26917,10
11358,1,11357,1
11358,8,26916,10
11360,1,11359,1
11360,8,26915,10
60514,1,60244,1
11366,1,11365,1
11372,1,11371,1
21010,1,21009,1
11374,1,11373,1
11376,1,11375,1
11378,1,11377,1
11380,1,11379,1
11382,1,11381,1
11384,1,11383,1
21012,1,21011,1
11388,1,11387,1
11390,1,11389,1
40751,1,40750,1
40751,8,40759,5
11394,1,11393,1
27781,1,27780,1
27783,1,27782,1
27785,1,27784,1
27787,1,27786,1
27789,1,27788,1
27791,1,27790,1
21018,1,21017,1
27807,1,27767,1
27808,1,27766,1
27809,1,27768,1
27810,1,27769,1
27811,1,27771,1
27812,1,27770,1
27813,1,27776,1
27814,1,27777,1
27815,1,27775,1
27816,1,27774,1
27817,1,27773,1
27818,1,27772,1
27819,1,27551,1
27820,1,27548,1
27821,1,27625,1
27822,1,27628,1
27823,1,27631,1
27824,1,27634,1
27825,1,27553,1
27826,1,27550,1
27827,1,27627,1
27828,1,27630,1
27829,1,27633,1
27830,1,27636,1
27831,1,27557,1
27832,1,27554,1
27833,1,27647,1
27834,1,27653,1
27835,1,27644,1
27836,1,27650,1
27837,1,27652,1
27838,1,27646,1
27839,1,27559,1
27840,1,27556,1
27841,1,27649,1
27842,1,27655,1
27843,1,27545,1
27844,1,27616,1
27845,1,27622,1
27846,1,27619,1
27847,1,27613,1
27848,1,27542,1
27849,1,27544,1
27850,1,27547,1
27851,1,27618,1
27852,1,27615,1
27853,1,27621,1
27854,1,27624,1
27859,1,27574,1
27860,1,27583,1
27861,1,27580,1
27862,1,27577,1
27863,1,27579,1
27864,1,27576,1
27865,1,27582,1
27866,1,27585,1
27867,1,27567,1
27868,1,27563,1
27869,1,27565,1
27870,1,27569,1
27871,1,27570,1
27872,1,27573,1
27873,1,27778,1
27874,1,27779,1
27875,1,27857,1
27876,1,27858,1
27877,1,27855,1
27878,1,27856,1
44028,1,43856,1
44028,8,44029,1
40755,1,40754,1
27905,1,27904,1
27905,8,3991,10
27913,1,27912,20
27915,1,27914,1
27915,8,4257,10
27917,1,27916,20
27919,1,27918,20
27921,1,27920,20
27923,1,27922,20
27925,1,27924,20
27931,1,27930,1
27931,8,4298,10
27933,1,27932,1
27933,8,4300,10
27935,1,27934,1
27935,8,41631,5
21040,1,21039,1
27944,1,27560,1
27945,1,27641,1
11562,1,11561,1
11562,8,24444,10
27947,1,27640,1
11564,1,11563,1
11564,8,4255,10
27949,1,27562,1
11568,1,11567,1
11612,1,2363,1
11612,8,11795,10
11613,1,10998,1
11613,8,11641,10
11614,1,2108,1
11614,8,11844,10
11616,1,1998,1
11616,8,11848,10
11617,1,2103,1
11617,8,11851,10
11619,1,3887,1
11619,8,11747,10
11620,1,1973,1
11620,8,11808,10
11621,1,1977,1
11621,8,11840,10
11622,1,2004,1
11622,8,11750,10
11623,1,2002,1
11623,8,11754,10
11624,1,2003,1
11624,8,11758,10
11625,1,1947,1
11625,8,11766,10
11626,1,2005,1
11626,8,11762,10
11628,1,1948,1
11628,8,11775,10
11629,1,1957,1
11629,8,11779,10
11630,1,1958,1
11630,8,11783,10
11631,1,1955,1
11631,8,11787,10
11632,1,1956,1
11632,8,11791,10
40759,1,40758,1
11634,1,1986,1
11634,8,11812,10
11641,1,11640,1
11643,1,11642,1
11645,1,11644,1
11647,1,11646,1
11649,1,11648,1
44034,1,43862,1
44034,8,44035,1
44036,1,43865,1
44036,8,44037,1
11747,1,3888,1
11750,1,2259,1
40763,1,40762,1
11754,1,2260,1
11758,1,2261,1
11762,1,2258,1
11766,1,2262,1
11770,1,1959,1
11770,8,11771,10
11771,1,1960,1
11775,1,2563,1
11779,1,2567,1
11783,1,2559,1
11787,1,2571,1
11791,1,2575,1
11795,1,2364,1
11798,1,1963,1
11798,8,11799,10
11799,1,1964,1
44038,1,43867,1
44038,8,44039,1
11803,1,1968,1
11803,8,11804,10
11804,1,1969,1
11808,1,1952,1
11812,1,1987,1
28198,1,28197,1
28200,1,28199,1
28202,1,28201,1
11820,1,2579,1
11820,8,11821,10
11821,1,2580,1
28206,1,28205,1
11824,1,2583,1
11824,8,11825,10
11825,1,2584,1
28210,1,28209,1
11828,1,2587,1
11828,8,11829,10
11829,1,2588,1
28214,1,28213,1
11832,1,2591,1
11832,8,11833,10
11833,1,2592,1
11836,1,4013,1
11836,8,11837,10
11837,1,4014,1
11840,1,1978,1
11844,1,2109,1
11848,1,1999,1
11851,1,2104,1
11857,1,11465,100
11306,1,11305,1
11306,8,11645,10
11860,1,11485,100
11861,1,11477,1
11862,1,11471,1
11863,1,11468,1
11864,1,11470,1
11865,1,11469,1
11866,1,11472,1
11867,1,11480,1
11868,1,11479,1
11869,1,11474,1
11870,1,11483,100
11871,1,11473,1
11872,1,11476,100
11873,1,11475,100
11874,1,11514,1
11876,1,11461,100
11877,1,11462,100
11878,1,11466,100
11879,1,11467,100
11880,1,11459,100
11881,1,11464,100
11882,1,11458,100
11883,1,11460,100
11884,1,11457,100
11885,1,11463,100
11886,1,11746,100
11887,1,11481,100
11888,1,11513,1
11889,1,11484,100
11890,1,11478,100
11891,1,11486,100
11892,1,11653,1
28277,1,28276,1
28279,1,28278,1
28281,1,28280,1
28283,1,28282,1
28285,1,28284,1
28287,1,28286,1
28289,1,28288,1
28291,1,28290,1
28293,1,28292,1
28295,1,28294,1
28297,1,28296,1
28299,1,28298,1
28301,1,28300,1
28303,1,28302,1
28305,1,28304,1
28307,1,28306,1
28309,1,28308,1
11937,1,11936,1
11939,1,11938,1
28325,1,28324,100
28327,1,28326,100
28329,1,28328,100
28331,1,28330,100
28333,1,28332,100
28335,1,28334,100
28337,1,28336,100
28339,1,28338,100
11958,1,11957,1
11960,1,11959,1
11962,1,11961,1
11964,1,11963,1
11966,1,11965,1
28353,1,28352,1
11970,1,11969,1
11972,1,11971,1
11979,1,11978,1
28368,1,28367,1
11986,1,11985,1
11988,1,11987,1
11990,1,11989,1
28376,1,28375,1
28378,1,28377,1
28380,1,28379,1
28382,1,28381,1
12000,1,11999,1
945,1,598,1
945,8,12035,1
28386,1,28385,1
12004,1,12003,1
12006,1,12005,1
12012,1,12011,1
12014,1,12013,1
12016,1,12015,1
12018,1,12017,1
12020,1,12019,1
12022,1,12021,1
15676,1,15675,1
12024,1,12023,1
12031,1,12032,1
12035,1,12034,1
12037,1,12036,1
12041,1,12038,1
12043,1,12042,1
12045,1,12044,1
12053,1,12052,1
12053,8,12077,10
12055,1,12054,1
12055,8,12085,10
12057,1,12056,1
12057,8,12059,10
12059,1,12058,1
28448,1,28387,1
61217,1,61197,1
61217,8,61219,10
28450,1,28389,1
61219,1,61199,1
61220,1,61200,1
28453,1,28392,1
61222,1,61202,1
61222,8,61224,10
61223,1,61203,1
61224,1,61204,1
61225,1,61205,1
61225,8,61227,10
61226,1,61206,1
61226,8,61228,10
61227,1,61207,1
61228,1,61208,1
12077,1,12076,1
61230,1,61210,1
61230,8,61232,10
28463,1,28402,1
61232,1,61212,1
28465,1,28404,1
61234,1,61214,1
61234,8,61236,10
28467,1,28406,1
61236,1,61216,1
12085,1,12084,1
28470,1,28410,1
28471,1,28409,1
28472,1,28411,1
28473,1,28412,1
28474,1,28413,1
28475,1,28414,1
28476,1,28416,1
28477,1,28415,1
28478,1,28417,1
28479,1,28421,1
28480,1,28422,1
28481,1,28423,1
28482,1,28424,1
28483,1,28425,1
28484,1,28426,1
28485,1,28427,1
28486,1,28428,1
12103,1,12102,1
12104,1,11577,1
12105,1,11578,1
28490,1,28420,1
28491,1,28430,1
28492,1,28431,1
12109,1,12108,1
12109,8,18069,10
28494,1,28433,1
28495,1,28434,1
28496,1,28435,1
28497,1,28436,1
28498,1,28437,1
28499,1,28438,1
28500,1,28439,1
28501,1,28440,1
28502,1,28441,1
28503,1,28442,1
28504,1,28443,1
28505,1,28444,1
28512,1,28511,1
28515,1,28514,1
28517,1,28516,1
28519,1,28518,1
28521,1,28520,1
28523,1,28522,1
28525,1,28524,1
28527,1,28526,1
28529,1,28528,1
28531,1,28530,1
28533,1,28532,1
28535,1,28534,1
28537,1,28536,1
28539,1,28538,1
28541,1,28540,1
28543,1,28542,1
28546,1,28545,1
28548,1,28547,1
28551,1,28550,1
28553,1,28552,1
28555,1,28554,1
15682,1,15681,1
28558,1,28557,1
28560,1,28559,1
28562,1,28561,1
28564,1,28563,1
28566,1,28565,1
15684,1,15683,1
29338,1,29337,1
28577,1,28576,1
28579,1,28578,1
15686,1,15685,1
28584,1,28583,1
28584,8,42891,10
20592,1,20591,1
1129,1,578,1
1129,8,2282,10
29341,1,29340,1
15688,1,15687,1
952,1,605,1
952,8,11193,1
12218,1,12217,1
12218,8,12222,10
12220,1,12219,1
12220,8,12224,5
28605,1,28351,1
12222,1,12221,1
28607,1,28606,1
12224,1,12223,1
12226,1,12225,1
12226,8,12103,10
28613,1,28612,1
37537,1,37533,1
15692,1,15691,1
37538,1,37534,1
45011,1,45010,1
15694,1,15693,1
53924,1,53906,1
37541,1,37532,1
37541,8,47349,5
15696,1,15695,1
12258,1,12257,1
12258,8,12260,10
12260,1,12259,1
12262,1,12261,1
12262,8,12264,10
28647,1,28646,1
12264,1,12263,1
12266,1,12265,1
12266,8,12268,10
28651,1,28650,1
12268,1,12267,1
28653,1,28652,1
12270,1,12269,1
12270,8,12272,10
28655,1,28654,1
28655,8,4249,10
12272,1,12271,1
12275,1,12274,1
12275,8,22292,10
28660,1,28659,1
45045,1,42241,1
28662,1,28661,1
15700,1,15699,1
28666,1,28665,1
28671,1,28670,1
28673,1,28672,1
28675,1,28674,1
28677,1,28676,1
28679,1,28678,1
28681,1,28680,1
28683,1,28682,1
12300,1,12199,1
12300,8,26891,10
28685,1,28684,1
32088,1,32087,1
28451,1,28390,1
48474,1,47921,1
28711,1,28710,1
15708,1,15707,1
956,1,609,1
956,8,11175,1
17323,1,11545,1
15710,1,15709,1
12345,1,12344,1
12345,8,12347,10
28730,1,28729,1
12347,1,12346,1
28732,1,28731,1
28734,1,28733,1
28736,1,28735,1
15712,1,15711,1
28738,1,28737,1
12355,1,12354,1
12355,8,12357,10
28741,1,28740,1
28743,1,28742,1
28745,1,28744,1
28747,1,28746,1
28749,1,28748,1
28751,1,28750,1
28753,1,28752,1
28755,1,28754,1
28757,1,28756,1
28759,1,28758,1
28771,1,28770,1
28773,1,28772,1
28775,1,28774,1
28777,1,28776,1
28779,1,28778,1
28781,1,28780,1
28783,1,28782,1
28785,1,28784,1
28787,1,28786,1
28789,1,28788,1
40302,1,37460,1
15690,1,15689,1
52243,1,52242,1
28845,1,28844,1
44060,1,43889,1
44060,8,44061,1
28847,1,28846,1
28849,1,28848,1
28851,1,28850,1
44061,1,43888,1
28889,1,28888,1
28891,1,28890,1
28893,1,28892,1
28895,1,28894,1
44062,1,43891,1
44062,8,44063,1
40318,1,37453,1
44063,1,43890,1
12553,1,12552,4
12558,1,12557,4
12560,1,12559,4
12562,1,12561,4
12564,1,12563,4
12566,1,12565,4
15748,1,15747,1
44064,1,43893,1
44064,8,44065,1
12609,1,12608,5000
12611,1,12610,5000
12613,1,12612,5000
12615,1,12614,5000
29000,1,28999,1
12617,1,12616,5000
29002,1,29001,1
12619,1,12618,5000
29004,1,29003,1
12621,1,12620,5000
29006,1,29005,1
29008,1,29007,1
29010,1,29009,1
29012,1,29011,1
29014,1,29013,1
29016,1,29015,1
12634,1,12633,5000
40338,1,37543,1
40338,8,40339,10
29040,1,29039,1
29042,1,29041,1
29044,1,29043,1
29046,1,29045,1
17334,1,11554,1
29048,1,29047,1
29050,1,29049,1
29052,1,29051,1
29054,1,29053,1
29056,1,29055,1
29058,1,29057,1
29060,1,29059,1
29062,1,29061,1
29064,1,29063,1
29066,1,29065,1
29068,1,29067,1
29070,1,29069,1
29072,1,29071,1
29074,1,29073,1
29076,1,29075,1
29078,1,29077,1
29080,1,29079,1
29082,1,29081,1
29084,1,29083,1
29086,1,29085,1
29088,1,29087,1
29090,1,29089,1
29092,1,29091,1
29094,1,29093,1
29096,1,29095,1
29098,1,29097,1
29100,1,29099,1
29102,1,29101,1
45487,1,44995,1
29104,1,29103,1
29106,1,29105,1
29108,1,29107,1
29110,1,29109,1
12730,1,12729,1
12732,1,12731,1
12734,1,12733,1
12736,1,12735,1
12744,1,12743,1
12746,1,12745,1
12748,1,12747,1
17337,1,11553,1
12754,1,12753,1
45528,1,44996,1
12762,1,12761,5000
12764,1,12763,5000
45533,1,45530,1
12766,1,12765,5000
45535,1,45534,1
12768,1,12767,5000
12770,1,12769,5000
12772,1,12771,5000
36978,1,35836,1
12774,1,12773,5000
12776,1,12775,5000
45545,1,45544,1
12778,1,12777,5000
45547,1,45546,1
12780,1,12779,5000
45549,1,45548,1
12782,1,12781,5000
45551,1,45550,1
12784,1,12783,5000
12786,1,12785,5000
12788,1,12787,5000
12790,1,12789,5000
12792,1,12791,5000
12794,1,12793,5000
12796,1,12795,5000
12798,1,12797,5000
12800,1,12799,5000
12802,1,12801,5000
12804,1,12803,5000
12806,1,12805,5000
12808,1,12807,5000
12811,1,12810,4
12813,1,12812,4
12815,1,12814,4
12817,1,12816,4
12819,1,12818,4
29204,1,29202,1
12821,1,12820,4
12823,1,12822,4
12825,1,12824,4
12827,1,12826,4
12829,1,12828,4
12831,1,12830,4
12833,1,12832,4
29227,1,29226,1
15704,1,15703,1
29249,1,29248,1
29249,8,11189,1
45642,1,45640,1
45643,1,45641,1
45644,1,45645,1
45646,1,45647,1
45648,1,45649,1
29267,1,29266,1
45656,1,45652,1
45657,1,45653,1
45658,1,45654,1
45659,1,45655,1
45681,1,45586,1
45682,1,45587,1
45683,1,45588,1
45684,1,45589,1
45685,1,45590,1
45686,1,45591,1
45687,1,45592,1
45688,1,45593,1
45689,1,45594,1
45690,1,45595,1
45691,1,45596,1
45692,1,45597,1
45693,1,45598,1
45694,1,45599,1
45695,1,45600,1
45696,1,45601,1
45697,1,45602,1
45698,1,45603,1
45699,1,45604,1
45700,1,45605,1
45701,1,45606,1
45702,1,45607,1
45703,1,45608,1
45704,1,45609,1
45705,1,45610,1
45706,1,45611,1
45707,1,45612,1
45708,1,45613,1
45709,1,45614,1
45710,1,45615,1
45711,1,45616,1
45712,1,45617,1
29329,1,29328,1
45714,1,45619,1
29331,1,29330,1
45716,1,45621,1
29333,1,29332,1
45718,1,45623,1
29335,1,29334,1
45720,1,45625,1
45721,1,45626,1
45722,1,45627,1
29339,1,29336,1
45724,1,45629,1
45725,1,45630,1
45726,1,45631,1
45727,1,45632,1
45728,1,45633,1
29345,1,29344,1
45732,11,16672,20
13000,1,11370,1
13000,8,12104,10
13000,8,12105,10
13002,1,13001,1
13004,1,13003,1
45715,1,45620,1
45717,1,45622,1
45719,1,45624,1
13203,1,13202,1
45723,1,45628,1
18595,1,18594,1
18597,1,18596,1
13321,1,13320,1
13321,8,19740,10
17357,1,11541,1
15884,1,15883,1
46157,11,30306,160
46158,11,30303,1000
46159,11,30304,250
46160,11,30305,120
46161,11,30307,120
46162,11,30308,160
46163,11,30309,120
46164,11,30310,160
46165,11,30311,100
46166,11,16663,200
46167,11,16659,200
46168,11,16660,200
46169,11,16655,200
46170,11,16668,200
46171,11,16656,200
46172,11,16669,200
46173,11,17769,200
46174,11,16665,200
46175,11,16666,200
46176,11,16667,200
46177,11,16662,200
46178,11,16657,200
46179,11,16658,200
46180,11,16664,200
46181,11,16661,200
46182,11,16654,200
46183,11,17959,200
46184,11,17960,200
46185,11,33336,200
46186,11,33337,200
46187,11,32821,1
46188,11,32822,1
46189,11,32823,1
46190,11,32824,1
46191,11,32825,1
46192,11,32826,1
46193,11,32827,1
46194,11,32828,1
46195,11,32829,1
46196,11,29664,1
46197,11,29663,1
46198,11,29662,1
46199,11,29661,1
46200,11,29660,1
46201,11,29659,1
46202,11,33339,1
46203,11,33338,1
46204,11,16671,10000
46205,11,16670,10000
46206,11,16673,10000
46207,11,16672,10000
46208,11,16678,6000
46209,11,16679,3000
46210,11,16680,2200
46211,11,16681,1500
46212,11,16682,750
46213,11,16683,400
46214,11,17317,200
46215,11,33361,300
46216,11,33360,300
46217,11,33359,300
46218,11,33362,300
46219,11,28688,30
46220,11,28689,30
46221,11,28690,30
46222,11,25252,15
46223,11,25330,15
46224,11,25331,15
46225,11,25332,15
46226,11,25333,15
46227,11,25334,15
46228,11,28691,30
46229,11,28692,30
46230,11,25237,15
46231,11,25242,15
46232,11,28693,30
46233,11,28686,30
46234,11,28687,30
46235,11,25283,12
46236,11,25335,12
46237,11,25336,12
46238,11,25337,12
46240,11,25338,12
46241,11,25339,12
46242,11,25340,12
46243,11,25341,12
46244,11,25342,12
46245,11,25343,12
46246,11,25344,12
46247,11,25345,12
46248,11,25346,12
46249,11,25347,12
46250,11,25348,12
46251,11,25241,12
46350,1,46355,1
46350,8,46351,10
46351,1,46356,1
46352,1,46365,1
46352,8,46353,10
46353,1,46366,1
46357,1,46367,1
46357,8,46358,10
46358,1,46368,1
46359,1,46369,1
46359,8,46360,10
46360,1,46370,1
46361,1,46371,1
46361,8,46362,10
46362,1,46372,1
29985,1,29984,1
29987,1,29986,1
29989,1,29988,1
29991,1,29990,1
29993,1,29992,1
29995,1,29994,1
29997,1,29996,1
30003,1,30002,1
30009,1,30008,1
30014,1,30013,1
15926,1,15925,1
30029,1,30028,1
15928,1,15927,1
30037,1,30036,1
30039,1,30038,1
30041,1,30040,1
30043,1,30042,1
30047,1,30046,1
30049,1,30048,1
30051,1,30050,1
30053,1,30052,1
30057,1,30056,1
30059,1,30058,1
30061,1,30060,1
30063,1,30062,1
30067,1,30066,1
30069,1,30068,1
30071,1,30070,1
30073,1,30072,1
30077,1,30076,1
30079,1,30078,1
30081,1,30080,1
30083,1,30082,1
30087,1,30086,1
30089,1,30088,1
30091,1,30090,1
30093,1,30092,1
30097,1,30096,1
30099,1,30098,1
30101,1,30100,1
30103,1,30102,1
30107,1,30106,1
30109,1,30108,1
30111,1,30110,1
30113,1,30112,1
46500,1,46328,1
46501,1,46327,1
46501,8,46500,1
46502,1,46326,1
46503,1,46325,1
46503,8,46502,1
46504,1,46324,1
46505,1,46323,1
46505,8,46504,1
46506,1,46484,1
46506,8,46507,1
46507,1,46485,1
46508,1,46486,1
46508,8,46509,1
46509,1,46487,1
46510,1,46488,1
46510,8,46511,1
46511,1,46489,1
46512,1,46490,1
46512,8,46513,1
46513,1,46491,1
46514,1,46492,1
46514,8,46515,1
46515,1,46493,1
46516,1,46494,1
46516,8,46517,1
46517,1,46495,1
46518,1,46496,1
46518,8,46519,1
46519,1,46497,1
30140,1,30139,1
30142,1,30141,1
30144,1,30143,1
30146,1,30145,1
30150,1,30149,1
30152,1,30151,1
30154,1,30153,1
30156,1,30155,1
30160,1,30159,1
30162,1,30161,1
30164,1,30163,1
30166,1,30165,1
37408,1,37286,1
37408,8,37409,1
30170,1,30169,1
30172,1,30171,1
30174,1,30173,1
30176,1,30175,1
30187,8,45705,20
30187,8,45706,20
30187,8,45707,20
30187,8,45708,20
30187,8,45709,20
30187,8,45710,20
30187,8,45711,20
30187,8,45712,20
30187,8,45713,20
30187,8,45714,20
30187,8,45715,20
30187,8,45716,20
46576,1,46575,1
46578,1,46577,1
28461,1,28401,1
48470,1,47913,1
30227,1,29964,1
30228,1,29965,1
30229,1,29966,1
30230,1,29967,1
30232,1,29969,1
30233,1,29970,1
30234,1,29971,1
30235,1,29972,1
30237,1,29979,1
30238,1,29980,1
30239,1,29981,1
30240,1,29982,1
30242,1,29974,1
30243,1,29975,1
30244,1,29976,1
30245,1,29977,1
46643,1,46633,1
46643,8,46644,1
46644,1,46634,1
46645,1,46635,1
46645,8,46646,1
46646,1,46636,1
46647,1,46637,1
46647,8,46648,1
46648,1,46638,1
46649,1,46639,1
46649,8,46650,1
46650,1,46640,1
46651,1,46641,1
46651,8,46652,1
46652,1,46642,1
30329,1,30328,1
30343,1,30342,1
30387,1,30386,1
30392,1,30117,1
30393,1,30118,1
30394,1,30119,1
30395,1,30120,1
30397,1,30122,1
30398,1,30123,1
30399,1,30124,1
30400,1,30125,1
30402,1,30127,1
30403,1,30128,1
30404,1,30129,1
30405,1,30130,1
30407,1,30132,1
30408,1,30133,1
30409,1,30134,1
30410,1,30135,1
37020,1,35959,1
37020,8,47343,5
30421,1,30420,1
30423,1,30422,1
30425,1,30424,1
30465,1,30464,1
30467,1,30466,1
30471,1,30470,1
30475,1,30474,1
30477,1,30476,1
30479,1,30478,1
37083,1,35945,1
37083,8,47365,5
37855,1,37846,100
37857,1,37848,100
37859,1,37850,1
30558,8,45705,10
30558,8,45706,10
30558,8,45707,10
30558,8,45708,10
30558,8,45709,10
30558,8,45710,10
30558,8,45711,10
30558,8,45712,10
30558,8,45713,10
30558,8,45714,10
30558,8,45715,10
30558,8,45716,10
30562,8,45705,3
30562,8,45706,3
30562,8,45707,3
30562,8,45708,3
30562,8,45709,3
30562,8,45710,3
30562,8,45711,3
30562,8,45712,3
30562,8,45713,3
30562,8,45714,3
30562,8,45715,3
30562,8,45716,3
37025,1,35896,1
30582,8,45717,20
30582,8,45718,20
30582,8,45719,20
30582,8,45720,20
30582,8,45721,20
30582,8,45722,20
30582,8,45723,20
30582,8,45724,20
30582,8,45725,20
30582,8,45726,20
30582,8,45727,20
30582,8,45728,20
30586,8,45717,10
30586,8,45718,10
30586,8,45719,10
30586,8,45720,10
30586,8,45721,10
30586,8,45722,10
30586,8,45723,10
30586,8,45724,10
30586,8,45725,10
30586,8,45726,10
30586,8,45727,10
30586,8,45728,10
30588,8,45717,3
30588,8,45718,3
30588,8,45719,3
30588,8,45720,3
30588,8,45721,3
30588,8,45722,3
30588,8,45723,3
30588,8,45724,3
30588,8,45725,3
30588,8,45726,3
30588,8,45727,3
30588,8,45728,3
30599,8,30037,20
30599,8,30039,20
30599,8,30041,20
30599,8,30043,20
30599,8,30047,20
30599,8,30049,20
30599,8,30051,20
30599,8,30053,20
30599,8,30057,20
30599,8,30059,20
30599,8,30061,20
30599,8,30063,20
30599,8,30067,20
30599,8,30069,20
30599,8,30071,20
30599,8,30073,20
30600,8,30037,10
30600,8,30039,10
30600,8,30041,10
30600,8,30043,10
30600,8,30047,10
30600,8,30049,10
30600,8,30051,10
30600,8,30053,10
30600,8,30057,10
30600,8,30059,10
30600,8,30061,10
30600,8,30063,10
30600,8,30067,10
30600,8,30069,10
30600,8,30071,10
30600,8,30073,10
30605,8,30037,3
30605,8,30039,3
30605,8,30041,3
30605,8,30043,3
30605,8,30047,3
30605,8,30049,3
30605,8,30051,3
30605,8,30053,3
30605,8,30057,3
30605,8,30059,3
30605,8,30061,3
30605,8,30063,3
30605,8,30067,3
30605,8,30069,3
30605,8,30071,3
30605,8,30073,3
30614,8,45681,20
30614,8,45682,20
30614,8,45683,20
30614,8,45684,20
30614,8,45685,20
30614,8,45686,20
30614,8,45687,20
30614,8,45688,20
30614,8,45689,20
30614,8,45690,20
30614,8,45691,20
30614,8,45692,20
30615,8,45681,10
30615,8,45682,10
30615,8,45683,10
30615,8,45684,10
30615,8,45685,10
30615,8,45686,10
30615,8,45687,10
30615,8,45688,10
30615,8,45689,10
30615,8,45690,10
30615,8,45691,10
30615,8,45692,10
30618,8,45681,3
30618,8,45682,3
30618,8,45683,3
30618,8,45684,3
30618,8,45685,3
30618,8,45686,3
30618,8,45687,3
30618,8,45688,3
30618,8,45689,3
30618,8,45690,3
30618,8,45691,3
30618,8,45692,3
30628,8,45693,20
30628,8,45694,20
30628,8,45695,20
30628,8,45696,20
30628,8,45697,20
30628,8,45698,20
30628,8,45699,20
30628,8,45700,20
30628,8,45701,20
30628,8,45702,20
30628,8,45703,20
30628,8,45704,20
30632,8,45693,10
30632,8,45694,10
30632,8,45695,10
30632,8,45696,10
30632,8,45697,10
30632,8,45698,10
30632,8,45699,10
30632,8,45700,10
30632,8,45701,10
30632,8,45702,10
30632,8,45703,10
30632,8,45704,10
30633,8,45693,3
30633,8,45694,3
30633,8,45695,3
30633,8,45696,3
30633,8,45697,3
30633,8,45698,3
30633,8,45699,3
30633,8,45700,3
30633,8,45701,3
30633,8,45702,3
30633,8,45703,3
30633,8,45704,3
47040,1,47028,1
15698,1,15697,1
47107,1,47072,1
52251,1,52250,1
47109,1,47074,1
47110,1,47069,1
47111,1,47070,1
47112,1,47071,1
47113,1,47073,1
47114,1,35944,1
47115,1,47068,1
30752,8,29985,20
30752,8,29987,20
30752,8,29989,20
30752,8,29991,20
30753,8,29985,10
30753,8,29987,10
30753,8,29989,10
30753,8,29991,10
30754,8,29985,3
30754,8,29987,3
30754,8,29989,3
30754,8,29991,3
34248,1,34247,1
47208,1,47035,1
47208,8,47212,10
47209,1,47138,1
47209,8,47215,10
47210,1,47139,1
47210,8,47218,10
47211,1,47140,1
47211,8,47221,10
47212,1,47141,1
47213,1,47145,1
47213,8,47214,10
47214,1,47148,1
47215,1,47142,1
47216,1,47146,1
47216,8,47217,10
47217,1,47149,1
47218,1,47143,1
47219,1,47147,1
47219,8,47220,10
47220,1,47150,1
47221,1,47144,1
47222,1,47036,1
47222,8,47223,10
47223,1,47151,1
47224,1,47131,1
47224,8,47225,10
47225,1,47134,1
47226,1,47132,1
47226,8,47227,10
47227,1,47135,1
47228,1,47037,1
47228,8,47229,10
47229,1,47136,1
47230,1,47133,1
47230,8,47231,10
47231,1,47137,1
47232,1,47123,1
47233,1,47117,1
47233,8,47237,10
47234,1,47116,1
47234,8,47238,10
47235,1,47118,1
47235,8,47240,10
47236,1,47038,1
47236,8,47239,10
47237,1,47121,1
47238,1,47119,1
47239,1,47120,1
47240,1,47122,1
47241,1,47124,1
47241,8,47242,10
47242,1,47127,1
47243,1,47125,1
47243,8,47244,10
47244,1,47128,1
47245,1,47126,1
47245,8,47246,10
47246,1,47129,1
47247,1,47039,1
47247,8,47248,10
47248,1,47130,1
47259,1,47254,1
47259,8,47260,10
47260,1,47257,1
47322,1,47298,1
47324,1,47323,1
47326,1,47325,1
47328,1,47327,1
47331,1,47330,1
47333,1,47332,1
47335,1,47334,1
47337,1,47336,1
47339,1,47338,1
47341,1,47340,1
47343,1,47342,1
47345,1,47344,1
47346,1,47347,1
47349,1,47348,1
47350,1,47351,1
47354,1,47352,1
47354,8,47355,5
47355,1,47353,1
47357,1,47356,1
47357,8,47359,5
47359,1,47358,1
47361,1,47360,1
47361,8,47363,5
47363,1,47362,1
47365,1,47364,1
47367,1,47366,1
47369,1,47368,1
30988,1,30987,1
30988,8,31058,1
30994,1,30993,1
30994,8,31062,1
30998,1,30997,1
30998,8,31004,1
31000,1,30999,1
31000,8,31006,1
31002,1,31001,1
31002,8,31008,1
31004,1,31003,1
31006,1,31005,1
31008,1,31007,1
31010,1,31009,1
31010,8,31016,1
31012,1,31011,1
31012,8,31018,1
31014,1,31013,1
31014,8,31020,1
31016,1,31015,1
31018,1,31017,1
31020,1,31019,1
31022,1,31021,1
31022,8,31028,1
31024,1,31023,1
31024,8,31030,1
31026,1,31025,1
31026,8,31032,1
31028,1,31027,1
31030,1,31029,1
31032,1,31031,1
31034,1,31033,1
31034,8,31040,1
31036,1,31035,1
31036,8,31042,1
31038,1,31037,1
31038,8,31044,1
31040,1,31039,1
31042,1,31041,1
31044,1,31043,1
31046,1,31045,1
31046,8,31052,1
31048,1,31047,1
31048,8,31054,1
31050,1,31049,1
31052,1,31051,1
31054,1,31053,1
31056,1,31055,1
31056,8,31060,1
31058,1,31057,1
31060,1,31059,1
31062,1,31061,1
31064,1,31063,1
31064,8,31070,1
31066,1,31065,1
31066,8,31072,1
31068,1,31067,1
31068,8,27067,1
31070,1,31069,1
31072,1,31071,1
31074,1,31073,1
31074,8,31080,1
31076,1,31075,1
31076,8,31082,1
31078,1,31077,1
31080,1,31079,1
31082,1,31081,1
31084,1,31083,1
31084,8,31090,1
31086,1,31085,1
31086,8,31092,1
31088,1,31087,1
31088,8,31094,1
31090,1,31089,1
27027,1,27026,1
31092,1,31091,1
31094,1,31093,1
31106,1,31105,1
31106,8,31112,1
31108,1,31107,1
31108,8,31114,1
31110,1,31109,1
31110,8,31116,1
31112,1,31111,1
31114,1,31113,1
31116,1,31115,1
31118,1,31117,1
31118,8,31124,1
31120,1,31119,1
31120,8,31126,1
31122,1,31121,1
31122,8,31128,1
31124,1,31123,1
31126,1,31125,1
31128,1,31127,1
31130,1,31129,1
31130,8,31136,1
31132,1,31131,1
31132,8,31138,1
31134,1,31133,1
31134,8,31140,1
31136,1,31135,1
31138,1,31137,1
31140,1,31139,1
31142,1,31141,1
31142,8,31148,1
31144,1,31143,1
31144,8,31150,1
31146,1,31145,1
31146,8,31152,1
31148,1,31147,1
31150,1,31149,1
31152,1,31151,1
31154,1,31153,1
31154,8,31172,1
31156,1,31155,1
31156,8,31174,1
31158,1,31157,1
31158,8,31176,1
31160,1,31159,1
31160,8,31166,1
31162,1,31161,1
31162,8,31168,1
31164,1,31163,1
31164,8,31170,1
31166,1,31165,1
31168,1,31167,1
31170,1,31169,1
31172,1,31171,1
31174,1,31173,1
31176,1,31175,1
31178,1,31177,1
31178,8,31184,1
31180,1,31179,1
31180,8,31186,1
31182,1,31181,1
31182,8,31188,1
31184,1,31183,1
31186,1,31185,1
31188,1,31187,1
31190,1,31189,1
31190,8,31196,1
31192,1,31191,1
31192,8,31198,1
31194,1,31193,1
31194,8,31200,1
31196,1,31195,1
31198,1,31197,1
31200,1,31199,1
31202,1,31201,1
31202,8,31208,1
31204,1,31203,1
31204,8,31210,1
31206,1,31205,1
31206,8,31212,1
31208,1,31207,1
31210,1,31209,1
31212,1,31211,1
31214,1,31213,1
31214,8,31221,1
31216,1,31215,1
31216,8,31223,1
31218,1,31217,1
31218,8,31225,1
31221,1,31220,1
31223,1,31222,1
31225,1,31224,1
31227,1,31226,1
31227,8,31233,1
31229,1,31228,1
31229,8,31235,1
31231,1,31230,1
31231,8,31237,1
31233,1,31232,1
31235,1,31234,1
31237,1,31236,1
31239,1,31238,1
31239,8,31245,1
31241,1,31240,1
31241,8,31247,1
31243,1,31242,1
31243,8,31249,1
31245,1,31244,1
31247,1,31246,1
31249,1,31248,1
31251,1,31250,1
31251,8,31257,1
31253,1,31252,1
31253,8,31259,1
31255,1,31254,1
31255,8,31261,1
31257,1,31256,1
31259,1,31258,1
31261,1,31260,1
31263,1,31262,1
31263,8,31269,1
31265,1,31264,1
31265,8,31271,1
31267,1,31266,1
31267,8,31273,1
15702,1,15701,1
31269,1,31268,1
31271,1,31270,1
31273,1,31272,1
31275,1,31274,1
31275,8,31281,1
31277,1,31276,1
31277,8,31283,1
31279,1,31278,1
31279,8,31285,1
31281,1,31280,1
31283,1,31282,1
31285,1,31284,1
31287,1,31286,1
31287,8,31293,1
31289,1,31288,1
31289,8,31295,1
31291,1,31290,1
31291,8,31297,1
31293,1,31292,1
31295,1,31294,1
31297,1,31296,1
31299,1,31298,1
31299,8,31305,1
31301,1,31300,1
31301,8,31307,1
31303,1,31302,1
31303,8,31309,1
31305,1,31304,1
31307,1,31306,1
31309,1,31308,1
31311,1,31310,1
31311,8,31317,1
31313,1,31312,1
31313,8,31319,1
31315,1,31314,1
31315,8,31321,1
31317,1,31316,1
10681,1,10680,1
31321,1,31320,1
31323,1,31322,1
31323,8,31329,1
31325,1,31324,1
31325,8,31331,1
31327,1,31326,1
31327,8,31333,1
31329,1,31328,1
31331,1,31330,1
47716,1,47466,1
31333,1,31332,1
31335,1,31334,1
31335,8,31341,1
31337,1,31336,1
31337,8,31343,1
31339,1,31338,1
31339,8,31345,1
31341,1,31340,1
31343,1,31342,1
31345,1,31344,1
31347,1,31346,1
31347,8,31353,1
31349,1,31348,1
31349,8,31355,1
31351,1,31350,1
31351,8,31357,1
31353,1,31352,1
31355,1,31354,1
31357,1,31356,1
31359,1,31358,1
31359,8,31365,1
31361,1,31360,1
31361,8,31367,1
31363,1,31362,1
31363,8,31369,1
31365,1,31364,1
31367,1,31366,1
31369,1,31368,1
31371,1,31370,1
31371,8,31377,1
31373,1,31372,1
31373,8,31379,1
31375,1,31374,1
31375,8,31381,1
31377,1,31376,1
31379,1,31378,1
31381,1,31380,1
31383,1,31382,1
31383,8,31389,1
31385,1,31384,1
31385,8,31391,1
31387,1,31386,1
31387,8,31393,1
31389,1,31388,1
31391,1,31390,1
31393,1,31392,1
31395,1,31394,1
31395,8,31401,1
31397,1,31396,1
31397,8,31403,1
31399,1,31398,1
31399,8,31405,1
31401,1,31400,1
31403,1,31402,1
31405,1,31404,1
31407,1,31406,1
31407,8,31413,1
31409,1,31408,1
31409,8,31415,1
31411,1,31410,1
31411,8,31417,1
31413,1,31412,1
31415,1,31414,1
31417,1,31416,1
31419,1,31418,1
31419,8,31425,1
31421,1,31420,1
31421,8,31427,1
31423,1,31422,1
31423,8,31429,1
31425,1,31424,1
31427,1,31426,1
31429,1,31428,1
31431,1,31430,1
31431,8,31437,1
31433,1,31432,1
31433,8,31439,1
31435,1,31434,1
31435,8,31441,1
31437,1,31436,1
31439,1,31438,1
31441,1,31440,1
31443,1,31442,1
31443,8,31449,1
31445,1,31444,1
31445,8,31451,1
31447,1,31446,1
31447,8,31453,1
31449,1,31448,1
31451,1,31450,1
31453,1,31452,1
31455,1,31454,1
31455,8,31461,1
31457,1,31456,1
31457,8,31463,1
31459,1,31458,1
31459,8,31465,1
31461,1,31460,1
31463,1,31462,1
31465,1,31464,1
31467,1,31466,1
31467,8,31473,1
31469,1,31468,1
31469,8,31475,1
31471,1,31470,1
31471,8,31477,1
31473,1,31472,1
31475,1,31474,1
31477,1,31476,1
31479,1,31478,1
31479,8,31485,1
31481,1,31480,1
31481,8,31487,1
31483,1,31482,1
31483,8,31489,1
31485,1,31484,1
31487,1,31486,1
31489,1,31488,1
31491,1,31490,1
31491,8,31497,1
31493,1,31492,1
31493,8,31499,1
31495,1,31494,1
31495,8,31501,1
31497,1,31496,1
31499,1,31498,1
31501,1,31500,1
31503,1,31502,1
31503,8,31509,1
31505,1,31504,1
31505,8,31511,1
31507,1,31506,1
31507,8,31513,1
31509,1,31508,1
31511,1,31510,1
31513,1,31512,1
31515,1,31514,1
31515,8,31521,1
31517,1,31516,1
31517,8,31523,1
31519,1,31518,1
31519,8,31525,1
31521,1,31520,1
31523,1,31522,1
31525,1,31524,1
31527,1,31526,1
31527,8,31533,1
31529,1,31528,1
31529,8,31535,1
31531,1,31530,1
31531,8,31537,1
31533,1,31532,1
31535,1,31534,1
31537,1,31536,1
31539,1,31538,1
31539,8,31545,1
31541,1,31540,1
31541,8,31547,1
31543,1,31542,1
31543,8,31549,1
31545,1,31544,1
31547,1,31546,1
31549,1,31548,1
31551,1,31550,1
31551,8,31557,1
31553,1,31552,1
31553,8,31559,1
31555,1,31554,1
31555,8,31561,1
31557,1,31556,1
31559,1,31558,1
31561,1,31560,1
31563,1,31562,1
31563,8,31569,1
31565,1,31564,1
31565,8,31571,1
31567,1,31566,1
31567,8,31573,1
31569,1,31568,1
31571,1,31570,1
31573,1,31572,1
31575,1,31574,1
31575,8,31581,1
31577,1,31576,1
31577,8,31583,1
31579,1,31578,1
31579,8,31585,1
31581,1,31580,1
47966,1,47269,1
47966,8,52251,1
47967,1,47270,1
47967,8,52253,1
47968,1,47271,1
47969,1,47272,1
47969,8,47970,10
47970,1,47914,1
47971,1,47273,1
47971,8,47972,10
47972,1,47918,1
47973,1,47274,1
47973,8,47974,10
47974,1,47922,1
31591,1,31590,1
31591,8,31597,1
31593,1,31592,1
31595,1,31594,1
31597,1,31596,1
31599,1,31598,1
31599,8,31605,1
31601,1,31600,1
31601,8,31607,1
31603,1,31602,1
31603,8,33302,1
31605,1,31604,1
31607,1,31606,1
31609,1,31608,1
31609,8,31615,1
31611,1,31610,1
31611,8,31617,1
31613,1,31612,1
31613,8,31619,1
31615,1,31614,1
31617,1,31616,1
31619,1,31618,1
31621,1,31620,1
31621,8,31627,1
31623,1,31622,1
31623,8,31629,1
31625,1,31624,1
31625,8,31631,1
31627,1,31626,1
31629,1,31628,1
31631,1,31630,1
31633,1,31632,1
31633,8,31639,1
31635,1,31634,1
31635,8,31641,1
31637,1,31636,1
31637,8,31643,1
31639,1,31638,1
31641,1,31640,1
31643,1,31642,1
31645,1,31644,1
31645,8,31651,1
31647,1,31646,1
31647,8,31653,1
31649,1,31648,1
31649,8,31655,1
31651,1,31650,1
31653,1,31652,1
31655,1,31654,1
31657,1,31656,1
31657,8,31663,1
31659,1,31658,1
31659,8,31665,1
31661,1,31660,1
31661,8,31667,1
31663,1,31662,1
31665,1,31664,1
31667,1,31666,1
31669,1,31668,1
31669,8,31675,1
31671,1,31670,1
31671,8,31677,1
31673,1,31672,1
31673,8,31679,1
31675,1,31674,1
31677,1,31676,1
31679,1,31678,1
31681,1,31680,1
31681,8,31687,1
31683,1,31682,1
31683,8,31689,1
31685,1,31684,1
31685,8,31691,1
31687,1,31686,1
31689,1,31688,1
31691,1,31690,1
31693,1,31692,1
31693,8,31699,1
31695,1,31694,1
31695,8,31701,1
31697,1,31696,1
31697,8,31703,1
31699,1,31698,1
31701,1,31700,1
31703,1,31702,1
31705,1,31704,1
31705,8,31711,1
31707,1,31706,1
31707,8,31713,1
31709,1,31708,1
31709,8,31715,1
48095,1,47908,1
48095,8,48096,10
48096,1,47911,1
48097,1,47885,5000
48097,8,48100,5
48098,1,47924,5000
48099,1,47925,5000
48099,8,48101,5
48100,1,47926,5000
48101,1,47927,5000
48102,1,47886,5000
48102,8,48105,5
48103,1,47928,5000
48104,1,47929,5000
48104,8,48106,5
48105,1,47930,5000
48106,1,47931,5000
48107,1,47887,5000
48107,8,48110,5
48108,1,47932,5000
48109,1,47933,5000
48109,8,48111,5
48110,1,47934,5000
31727,1,31726,1
31729,1,31728,1
31729,8,31735,1
31731,1,31730,1
31731,8,31737,1
31733,1,31732,1
31733,8,31739,1
31735,1,31734,1
31737,1,31736,1
31739,1,31738,1
31741,1,31740,1
31741,8,31747,1
31743,1,31742,1
31743,8,31749,1
31745,1,31744,1
31745,8,31751,1
31747,1,31746,1
31749,1,31748,1
31751,1,31750,1
31753,1,31752,1
31753,8,31759,1
31755,1,31754,1
31755,8,31761,1
31757,1,31756,1
31757,8,31763,1
31759,1,31758,1
31761,1,31760,1
31763,1,31762,1
31765,1,31764,1
31765,8,31771,1
31767,1,31766,1
31767,8,31773,1
31769,1,31768,1
31769,8,31775,1
31771,1,31770,1
31773,1,31772,1
31775,1,31774,1
31777,1,31776,1
31777,8,31783,1
31779,1,31778,1
31779,8,31785,1
31781,1,31780,1
31781,8,31787,1
31783,1,31782,1
31785,1,31784,1
31787,1,31786,1
31789,1,31788,1
31789,8,31795,1
31791,1,31790,1
31791,8,31797,1
31793,1,31792,1
31793,8,31799,1
31795,1,31794,1
31797,1,31796,1
31799,1,31798,1
31801,1,31800,1
31801,8,31811,1
31803,1,31802,1
31803,8,31813,1
31805,1,31804,1
31805,8,31815,1
31811,1,31810,1
31813,1,31812,1
31815,1,31814,1
31817,1,31816,1
31817,8,31823,1
31819,1,31818,1
31819,8,31825,1
31821,1,31820,1
31821,8,31827,1
31823,1,31822,1
31825,1,31824,1
31827,1,31826,1
15924,1,15923,1
31865,1,31864,1
31867,1,31866,1
15706,1,15705,1
31869,1,31868,1
31871,1,31870,1
31873,1,31872,1
31875,1,31874,1
31877,1,31876,1
31879,1,31878,1
31881,1,31880,1
31883,1,31882,1
31885,1,31884,1
31887,1,31886,1
31889,1,31888,1
31891,1,31890,1
31893,1,31892,1
15511,1,15510,1
15511,8,21641,10
31897,1,31896,1
31899,1,31898,1
31901,1,31900,1
31903,1,31902,1
31905,1,31904,1
31907,1,31906,1
31909,1,31908,1
31911,1,31910,1
31917,1,31916,1
31919,1,31918,1
31923,1,31922,1
31925,1,31924,1
31927,1,31926,1
31929,1,31928,1
31931,1,31930,1
31933,1,31932,1
31943,1,31942,1
31945,1,31944,1
31947,1,31946,1
31949,1,31948,1
31951,1,31950,1
31953,1,31952,1
37420,1,37257,1
32026,1,32025,1
32026,8,32030,1
32028,1,32027,1
32028,8,32032,1
32030,1,32029,1
32032,1,32031,1
32034,1,32033,1
32034,8,32038,1
32036,1,32035,1
32036,8,32040,1
45713,1,45618,1
32038,1,32037,1
32040,1,32039,1
32042,1,32041,1
32042,8,32046,1
32044,1,32043,1
32044,8,32048,1
32046,1,32045,1
32048,1,32047,1
32050,1,32049,1
32050,8,32054,1
32052,1,32051,1
32052,8,32056,1
32054,1,32053,1
32056,1,32055,1
32058,1,32057,1
32058,8,32062,1
32060,1,32059,1
32060,8,32064,1
32062,1,32061,1
32064,1,32063,1
32066,1,32065,1
32068,1,32067,1
32070,1,32069,1
32070,8,32074,1
32072,1,32071,1
32072,8,32076,1
32074,1,32073,1
32076,1,32075,1
32078,1,32077,1
32080,1,32079,1
32082,1,32081,1
32082,8,32086,1
32084,1,32083,1
32084,8,32088,1
48469,1,47912,1
32086,1,32085,1
48471,1,47916,1
48472,1,47917,1
48473,1,47920,1
32090,1,32089,1
32090,8,32094,1
32092,1,32091,1
32092,8,32096,1
32094,1,32093,1
32096,1,32095,1
15714,1,15713,1
15716,1,15715,1
15718,1,15717,1
15720,1,15719,1
15722,1,15721,1
15724,1,15723,1
15726,1,15725,1
15728,1,15727,1
15730,1,15729,1
15732,1,15731,1
15734,1,15733,1
15736,1,15735,1
15738,1,15737,1
15740,1,15739,1
21014,1,21013,1
15750,1,15749,1
15752,1,15751,1
15754,1,15753,1
15756,1,15755,1
15758,1,15757,1
15760,1,15759,1
15762,1,15761,1
15765,1,15764,1
15767,1,15766,1
15769,1,15768,1
15771,1,15770,1
15773,1,15772,1
15777,1,15776,1
15779,1,15778,1
15781,1,15780,1
15783,1,15782,1
15785,1,15784,1
15787,1,15786,1
15789,1,15788,1
15791,1,15790,1
15793,1,15792,1
15795,1,15794,1
15797,1,15796,1
15799,1,15798,1
15801,1,15800,1
15803,1,15802,1
15805,1,15804,1
15807,1,15806,1
15809,1,15808,1
15811,1,15810,1
15819,1,15818,1
15822,1,15821,1
32208,1,32207,1
32210,1,32209,1
15839,1,15838,1
15842,1,15841,1
48637,1,48635,1
48638,1,48636,1
15876,1,15875,1
15878,1,15877,1
15880,1,15879,1
15882,1,15881,1
43607,1,43552,1
37422,1,37259,1
15886,1,15885,1
15888,1,15887,1
15890,1,15889,1
15892,1,15891,1
15894,1,15893,1
43609,1,43551,1
15896,1,15895,1
15906,1,15905,1
43611,1,43556,1
15908,1,15907,1
15910,1,15909,1
15912,1,15911,1
15914,1,15913,1
15916,1,15915,1
15918,1,15917,1
15920,1,15919,1
32306,1,32305,1
32308,1,32307,1
32310,1,32309,1
32312,1,32311,1
15930,1,15929,1
15932,1,15931,1
15936,1,15935,1
15938,1,15937,1
15940,1,15939,1
32326,1,32325,1
32326,8,41351,10
15946,1,15945,1
15948,1,15947,1
15950,1,15949,1
15954,1,15953,1
15956,1,15955,1
32341,1,32340,1
32341,8,41352,10
15958,1,15957,1
32343,1,32342,1
32343,8,41354,10
15960,1,15959,1
32345,1,32344,1
32345,8,41353,10
15962,1,15961,1
15964,1,15963,1
15966,1,15965,1
15968,1,15967,1
48745,1,48744,1
16029,1,2929,1
32415,1,32414,1
16032,1,2881,1
32437,1,32436,100
32437,8,41292,10
32437,8,41293,10
32439,1,32438,100
32439,8,41296,10
32439,8,41297,10
32441,1,32440,100
32441,8,41288,10
32441,8,41289,10
32443,1,32442,100
32443,8,41300,10
32443,8,41301,10
32445,1,32444,1
32445,8,41187,5
16063,1,16062,1
16066,1,16065,1
48923,1,48605,1
48924,1,48606,1
48925,1,48607,1
48926,1,48608,1
48945,1,48609,1
48946,1,48610,1
48947,1,48612,1
48948,1,48611,1
48949,1,48944,1
16228,1,16227,1
16228,8,22447,1
16230,1,16229,1
16230,8,22467,1
16232,1,16231,1
16232,8,22469,1
16234,1,16233,1
16234,8,22475,1
16237,1,16236,1
16237,8,22453,1
16239,1,16238,1
16239,8,22465,1
16241,1,16240,1
16241,8,22461,1
16243,1,16242,1
16243,8,22457,1
16279,1,16278,1
16279,8,22230,10
49100,1,49099,1
