typeID,maxProductionLimit
681,300
682,300
683,30
684,30
685,30
686,10
687,10
688,10
689,30
690,30
691,30
692,10
693,10
784,10
785,200
786,200
788,100
790,60
803,200
804,200
805,200
806,200
807,300
808,300
809,300
810,300
811,600
812,600
813,600
814,600
819,200
820,200
821,200
822,200
823,200
824,100
825,100
826,100
827,100
828,100
829,60
830,60
831,60
832,60
833,60
834,200
835,200
836,200
837,200
838,200
839,100
840,100
841,100
842,100
843,100
844,60
845,60
846,60
847,60
848,60
879,600
880,600
881,600
882,600
883,600
884,600
885,600
886,600
887,300
888,300
889,300
890,300
891,300
892,300
893,300
894,300
895,200
896,200
897,200
898,200
899,200
900,200
901,200
902,200
935,30
936,30
937,30
938,30
939,30
940,30
941,30
943,30
944,30
945,30
946,30
947,30
948,30
949,30
950,30
952,30
953,30
954,30
955,30
956,30
960,30
961,30
962,30
963,30
964,30
965,30
966,30
967,30
968,10
969,10
970,10
971,10
972,10
973,10
974,10
975,10
976,10
977,10
978,10
979,10
983,10
984,10
985,10
986,10
987,10
988,10
989,10
990,10
991,10
992,10
994,10
995,10
996,10
997,10
998,10
999,10
1002,1
1010,200
1013,10
1026,100
1027,10
1032,200
1033,10
1067,200
1071,10
1072,200
1073,10
1074,100
1075,100
1076,100
1079,100
1080,10
1095,10
1096,200
1099,200
1100,200
1102,100
1103,10
1105,200
1106,200
1109,200
1112,200
1113,200
1114,200
1115,200
1116,200
1117,100
1118,100
1119,100
1120,100
1121,100
1122,60
1123,60
1124,60
1125,60
1126,60
1128,100
1129,100
1130,600
1131,600
1132,600
1133,600
1134,600
1135,600
1136,600
1137,600
1138,300
1139,300
1140,300
1141,300
1142,300
1143,300
1144,300
1145,300
1146,200
1147,200
1148,200
1149,200
1150,200
1151,200
1152,200
1153,200
1154,600
1155,600
1156,600
1157,600
1158,600
1159,600
1160,600
1161,600
1162,300
1163,300
1164,300
1165,300
1166,300
1167,300
1168,300
1169,300
1170,200
1171,200
1172,200
1173,200
1174,200
1175,200
1176,200
1177,200
1178,600
1179,600
1184,10
1186,200
1191,10
1196,100
1204,200
1205,10
1208,60
1210,100
1212,100
1214,200
1216,600
1217,600
1218,600
1220,600
1221,200
1237,10
1245,200
1247,200
1249,10
1255,200
1257,10
1265,200
1267,10
1275,200
1277,10
1285,200
1287,10
1295,200
1297,10
1305,200
1307,10
1318,200
1320,10
1334,200
1336,10
1354,200
1356,10
1404,200
1406,10
1423,10
1437,10
1446,200
1448,10
1540,200
1542,10
1548,200
1550,10
1552,200
1554,10
1558,200
1560,10
1564,200
1566,10
1809,100
1811,600
1815,600
1817,600
1819,300
1821,300
1823,300
1825,300
1827,200
1829,200
1831,200
1833,200
1856,10
1876,100
1878,10
1945,10
2007,10
2019,100
2021,100
2023,60
2025,10
2033,10
2039,10
2047,200
2049,10
2118,10
2162,30
2174,300
2176,10
2179,200
2184,300
2186,10
2194,200
2196,10
2204,600
2206,10
2211,200
2213,300
2282,10
2290,100
2292,100
2294,100
2296,100
2298,10
2300,10
2302,10
2304,10
2332,200
2334,10
2342,10
2356,10
2405,10
2411,10
2421,10
2437,10
2445,200
2447,10
2455,600
2457,10
2465,600
2467,10
2477,200
2479,10
2487,600
2489,10
2507,200
2509,200
2511,200
2513,600
2515,600
2517,600
2530,100
2532,10
2538,100
2540,10
2546,100
2548,10
2554,10
2604,200
2606,10
2614,10
2622,10
2630,10
2638,10
2648,10
2656,10
2680,10
2735,1
2736,10
2737,3
2738,3
2739,600
2740,10
2741,10
2742,10
2743,10
2744,10
2745,10
2746,10
2747,10
2748,10
2749,7
2750,10
2751,10
2752,10
2753,10
2754,10
2755,10
2756,7
2757,10
2758,10
2759,10
2760,10
2761,10
2762,10
2763,10
2764,10
2765,7
2766,7
2767,10
2768,10
2769,7
2770,10
2771,10
2772,10
2773,7
2774,2
2775,3
2776,6
2777,2
2778,3
2779,6
2780,2
2781,3
2782,6
2783,2
2784,3
2785,6
2786,10
2787,10
2788,10
2789,10
2790,7
2791,7
2792,10
2793,7
2794,10
2795,7
2796,10
2797,7
2798,10
2799,10
2800,7
2802,10
2803,10
2804,10
2805,10
2806,20
2807,10
2808,20
2810,20
2812,10
2813,30
2814,20
2815,30
2816,30
2818,10
2819,30
2820,10
2821,10
2822,10
2823,10
2824,10
2825,30
2826,30
2827,20
2828,20
2829,10
2830,10
2835,30
2837,10
2839,600
2864,10
2866,10
2874,10
2890,10
2898,10
2906,10
2914,10
2922,10
2938,10
2946,10
2949,10
2954,10
2962,10
2970,10
2978,10
2986,10
2994,10
3002,10
3010,10
3018,10
3026,10
3034,10
3039,10
3042,10
3050,10
3058,10
3066,10
3075,10
3083,10
3091,10
3099,10
3107,10
3115,10
3123,10
3131,10
3139,10
3147,10
3155,10
3163,10
3171,10
3179,10
3187,10
3243,100
3245,10
3286,10
3473,10
3489,10
3497,10
3505,10
3513,10
3515,1
3517,30
3519,10
3521,10
3529,100
3531,10
3535,5
3537,5
3539,60
3541,10
3543,5
3545,5
3547,5
3553,600
3555,600
3557,5
3560,5
3562,5
3564,5
3567,200
3569,10
3570,5
3572,5
3574,5
3577,60
3579,10
3580,5
3582,100
3587,200
3589,10
3590,600
3597,100
3599,10
3607,100
3609,10
3617,5
3619,10
3654,100
3656,10
3664,100
3666,10
3734,600
3736,600
3738,600
3752,30
3754,30
3765,1
3767,30
3769,30
3794,100
3830,200
3832,10
3840,100
3842,10
3927,5000
3928,5000
3938,100
3940,10
3942,100
3944,10
3948,100
3950,10
3954,100
3956,10
3963,3
3978,60
3980,10
3982,60
3984,10
3988,60
3990,10
3991,10
3994,60
3996,10
4006,10
4148,10
4249,10
4251,10
4253,10
4255,10
4257,10
4259,10
4261,10
4263,10
4265,10
4267,10
4269,10
4271,10
4273,10
4275,10
4277,10
4279,10
4281,10
4283,10
4285,10
4287,10
4289,10
4291,10
4293,10
4295,10
4298,10
4300,10
4305,10
4307,10
4309,10
4311,10
4313,200
4314,200
4315,200
4316,200
4364,20000
4370,100
4384,60
4387,40
4389,20000
4392,100
4394,200
4396,60
4398,40
4400,1
4402,1
4404,200
4406,10
4408,600
4410,100
9945,200
10040,600
10191,10
10247,600
10251,10
10630,200
10632,10
10643,100
10679,200
10681,10
10837,200
10839,100
10841,60
10843,10
10851,10
10859,10
11012,10
11074,20
11130,30
11133,30
11135,30
11173,1
11175,1
11177,1
11179,1
11183,1
11185,1
11187,1
11189,1
11191,1
11193,1
11195,1
11197,1
11199,1
11201,1
11203,1
11216,200
11218,200
11220,10
11226,200
11228,200
11230,10
11236,200
11238,200
11240,10
11246,200
11248,200
11250,10
11256,200
11258,200
11260,10
11266,200
11268,200
11270,10
11278,200
11280,60
11284,300
11286,300
11288,200
11290,200
11292,200
11294,200
11296,200
11298,200
11300,100
11302,200
11304,200
11306,200
11356,200
11358,100
11360,60
11366,1
11372,1
11374,1
11376,1
11378,1
11380,1
11382,1
11384,1
11388,1
11390,1
11394,1
11401,1
11562,100
11564,200
11568,1
11612,200
11613,200
11614,100
11616,200
11617,100
11619,200
11620,100
11621,100
11622,100
11623,100
11624,100
11625,100
11626,100
11628,100
11629,100
11630,100
11631,100
11632,100
11634,200
11641,10
11643,10
11645,10
11647,10
11649,10
11747,10
11750,10
11754,10
11758,10
11762,10
11766,10
11770,100
11771,10
11775,10
11779,10
11783,10
11787,10
11791,10
11795,10
11798,100
11799,10
11803,100
11804,10
11808,10
11812,10
11820,200
11821,10
11824,200
11825,10
11828,200
11829,10
11832,200
11833,10
11836,200
11837,10
11840,10
11844,10
11848,10
11851,10
11857,200
11859,200
11860,200
11861,200
11862,20
11863,20
11864,20
11865,20
11866,20
11867,200
11868,200
11869,200
11870,200
11871,20
11872,200
11873,200
11874,200
11876,200
11877,200
11878,200
11879,200
11880,200
11881,200
11882,200
11883,200
11884,200
11885,200
11886,200
11887,200
11888,200
11889,200
11890,200
11891,200
11892,20
11937,10
11939,10
11958,1
11960,1
11962,1
11964,1
11966,1
11970,1
11972,1
11979,1
11986,1
11988,1
11990,1
11994,1
11996,1
12000,1
12004,1
12006,1
12012,1
12014,1
12016,1
12018,1
12020,1
12022,1
12024,1
12031,1
12035,1
12037,1
12041,1
12043,1
12045,1
12053,100
12055,60
12057,100
12059,10
12067,60
12069,10
12077,10
12085,10
12103,10
12104,10
12105,10
12109,80
12218,100
12220,5
12222,10
12224,10
12226,60
12258,100
12260,10
12262,60
12264,10
12266,100
12268,10
12270,60
12272,10
12275,200
12297,100
12300,60
12301,40
12345,100
12347,10
12355,60
12357,10
12553,10
12558,10
12560,10
12562,10
12564,10
12566,10
12609,10
12611,10
12613,10
12615,10
12617,10
12619,10
12621,10
12626,10
12628,10
12630,10
12632,10
12634,10
12710,100
12712,200
12714,100
12716,60
12718,60
12730,1
12732,1
12734,1
12736,1
12744,1
12746,1
12748,1
12754,1
12762,10
12764,10
12766,10
12768,10
12770,10
12772,10
12774,10
12776,10
12778,10
12780,10
12782,10
12784,10
12786,10
12788,10
12790,10
12792,10
12794,10
12796,10
12798,10
12800,10
12802,10
12804,10
12806,10
12808,10
12811,10
12813,10
12815,10
12817,10
12819,10
12821,10
12823,10
12825,10
12827,10
12829,10
12831,10
12833,10
13000,40
13002,10
13004,10
13203,10
13321,60
15509,300
15511,300
15676,200
15678,200
15682,200
15684,200
15686,200
15688,200
15690,200
15692,200
15694,200
15696,200
15698,200
15700,200
15702,200
15704,200
15706,200
15708,200
15710,200
15712,200
15714,200
15716,200
15718,200
15720,200
15722,200
15724,200
15726,200
15728,200
15730,200
15732,200
15734,200
15736,200
15738,200
15740,200
15748,200
15750,200
15752,100
15754,100
15756,60
15758,60
15760,200
15762,200
15765,100
15767,100
15769,60
15771,60
15773,200
15777,100
15779,60
15781,200
15783,200
15785,100
15787,60
15789,100
15791,40
15793,100
15795,200
15797,100
15799,60
15801,200
15803,100
15805,60
15807,200
15809,200
15811,200
15819,60
15822,100
15839,60
15842,100
15876,200
15878,100
15880,60
15882,200
15884,100
15886,60
15888,100
15890,100
15892,100
15894,100
15896,200
15906,100
15908,100
15910,100
15912,100
15914,100
15916,100
15918,100
15920,100
15922,100
15924,100
15926,200
15928,200
15930,100
15932,60
15936,200
15938,100
15940,60
15942,200
15946,100
15948,60
15950,200
15954,100
15956,60
15958,200
15960,200
15962,100
15964,60
15966,200
15968,100
16029,10
16032,10
16063,60
16066,200
16228,10
16230,10
16232,10
16234,10
16237,20
16239,20
16241,20
16243,20
16279,80
17322,4000
17323,20000
17324,4000
17325,8000
17326,4000
17327,4000
17328,20000
17329,4000
17330,8000
17331,2000
17332,4000
17333,4000
17334,4000
17335,4000
17336,4000
17337,4000
17338,2000
17339,4000
17340,4000
17341,4000
17342,2000
17344,4000
17345,4000
17346,4000
17347,4000
17348,4000
17349,4000
17350,20000
17351,8000
17352,4000
17353,2000
17354,4000
17355,20000
17356,4000
17357,8000
17359,4000
17477,10
17479,10
17481,10
17483,80
17486,60
17489,200
17501,100
17503,200
17505,200
17507,200
17509,200
17511,200
17513,200
17515,200
17517,200
17519,200
17521,100
17523,200
17525,200
17527,100
17529,200
17537,200
17539,200
17541,200
17543,200
17545,200
17550,200
17552,200
17554,200
17556,200
17558,200
17561,100
17620,30
17635,10
17637,10
17649,100
17651,100
17653,100
17655,100
17657,100
17659,100
17661,100
17663,100
17665,100
17667,100
17669,100
17671,100
17673,100
17675,100
17677,100
17679,100
17681,100
17683,100
17685,100
17687,100
17689,100
17691,100
17693,100
17695,100
17704,30
17706,30
17708,30
17710,10
17714,10
17716,10
17719,10
17721,10
17723,10
17727,10
17729,10
17733,10
17737,10
17739,10
17741,10
17813,30
17833,200
17835,200
17837,200
17839,200
17842,30
17844,10
17858,100
17860,100
17862,100
17864,100
17874,100
17885,100
17902,10
17913,10
17919,10
17921,10
17923,10
17925,30
17927,30
17929,30
17931,30
17933,30
17939,60
18037,600
18039,600
18041,600
18043,600
18045,600
18047,600
18049,600
18051,600
18053,600
18055,600
18057,600
18059,600
18061,600
18063,600
18065,600
18067,600
18069,10
18591,10
18593,10
18595,10
18597,10
18599,10
18601,10
18603,10
18605,10
18607,10
18609,10
18611,10
18613,10
18615,10
18617,10
18619,10
18625,10
18640,50
19721,1
19723,1
19725,1
19727,1
19740,10
19745,10
19807,10
19809,100
19811,100
19813,100
19815,100
19995,300
20003,300
20108,300
20126,1
20184,1
20186,1
20188,1
20190,1
20219,100
20225,100
20231,100
20237,100
20239,200
20241,200
20243,200
20245,200
20247,200
20249,200
20251,200
20253,200
20255,200
20261,200
20263,200
20265,200
20281,3
20344,10
20346,10
20348,10
20350,10
20352,10
20354,10
20368,200
20445,5
20447,5
20449,5
20451,5
20453,5
20455,5
20540,5
20556,200
20558,100
20560,60
20562,40
20564,10
20566,10
20568,200
20570,200
20574,100
20576,100
20578,100
20580,100
20582,100
20588,200
20590,100
20592,60
20594,200
20596,200
20598,100
20600,100
20602,60
20604,60
20606,100
20608,100
20610,100
20612,100
20614,100
20618,200
20620,200
20622,100
20624,60
20626,200
20628,100
20630,200
20632,100
20634,100
20636,100
20638,100
20640,100
20642,100
20702,5
20704,5
21010,40
21012,40
21014,40
21018,40
21020,40
21022,40
21024,40
21026,40
21028,40
21030,40
21036,40
21038,40
21040,40
21042,40
21055,300
21095,600
21098,30
21335,600
21471,200
21473,100
21475,60
21477,200
21479,100
21481,60
21483,200
21485,200
21487,200
21489,200
21492,200
21494,200
21497,200
21499,200
21501,200
21505,200
21507,100
21509,100
21511,100
21513,100
21522,200
21524,200
21526,200
21528,200
21530,200
21535,200
21537,100
21539,60
21541,100
21543,200
21546,200
21548,200
21550,200
21552,100
21554,100
21556,100
21558,60
21560,60
21562,60
21604,50
21629,30
21639,10
21641,10
21854,600
21856,600
21858,600
21868,300
21943,1
21944,1
21945,1
21946,1
21948,7
21950,7
21952,7
21954,7
21956,7
21958,7
21960,7
21962,7
21964,7
21966,7
21968,7
21970,7
22176,100
22178,100
22230,10
22292,10
22299,50
22300,50
22301,50
22302,50
22303,50
22304,50
22305,50
22306,50
22307,50
22308,50
22309,50
22310,50
22311,50
22326,100
22328,100
22330,100
22332,100
22429,1
22431,1
22437,1
22441,1
22443,1
22445,1
22447,1
22449,1
22453,1
22457,1
22461,1
22465,1
22467,1
22469,1
22471,1
22475,1
22477,60
22543,200
22545,1
22547,1
22549,1
22554,50
22556,50
22558,50
22573,200
22577,200
22766,200
22779,300
22781,10
22783,50
22853,1
22876,200
22878,200
22880,200
22882,200
22884,200
22886,100
22888,200
22890,100
22892,60
22894,200
22896,100
22898,100
22900,200
22902,200
22904,200
22906,100
22908,100
22910,100
22912,60
22914,60
22916,60
22918,200
22920,200
22922,200
22924,200
22926,100
22928,100
22930,100
22932,100
22934,100
22936,100
22938,100
22940,100
22942,100
22944,100
22946,100
22948,200
22950,100
22952,60
22954,200
23056,50
23058,50
23060,50
23062,50
23072,600
23415,200
23417,60
23419,200
23474,200
23507,200
23511,200
23513,200
23524,200
23526,200
23528,60
23534,100
23537,200
23560,200
23562,200
23564,200
23660,600
23703,300
23706,300
23708,600
23710,300
23712,600
23714,300
23716,600
23718,300
23720,600
23722,300
23724,600
23726,300
23728,600
23730,300
23732,600
23736,3
23758,1
23760,10
23774,1
23784,200
23786,60
23788,200
23790,200
23792,200
23794,100
23796,200
23798,100
23800,60
23802,200
23804,100
23806,100
23808,200
23810,100
23812,60
23814,100
23816,200
23818,100
23820,60
23822,200
23825,100
23830,60
23835,200
23837,200
23839,200
23841,100
23843,100
23845,100
23847,60
23849,60
23851,60
23853,200
23855,100
23857,100
23865,200
23867,100
23869,60
23888,80
23895,200
23897,200
23899,200
23901,200
23903,200
23912,1
23914,1
23916,1
23918,1
23920,1
23954,3
24284,5
24306,10
24349,200
24396,100
24418,10
24428,10
24439,10
24444,10
24469,200
24472,10
24474,10
24476,10
24484,1
24487,10
24489,10
24491,10
24496,10
24498,10
24500,10
24502,10
24504,10
24506,10
24508,10
24510,10
24512,10
24514,10
24516,10
24518,10
24520,10
24522,10
24524,10
24526,10
24528,10
24530,10
24532,10
24534,10
24536,10
24538,10
24540,10
24542,10
24543,10
24544,10
24546,40
24548,40
24549,2
24551,2
24553,2
24555,2
24557,40
24559,40
24561,40
24570,5
24604,10
24605,10
24614,10
24615,10
24616,10
24617,10
24621,100
24623,60
24645,5
24689,10
24691,10
24693,10
24695,10
24697,10
24699,10
24701,10
24703,10
25267,200
25303,300
25307,200
25308,100
25309,300
25310,200
25311,100
25314,300
25322,100
25323,300
25327,300
25328,200
25329,100
25503,200
25504,200
25505,200
25506,200
25507,200
25508,300
25509,300
25510,300
25511,100
25512,100
25513,100
25539,100
25541,200
25543,200
25562,200
25564,10
25584,8
25585,8
25586,8
25587,8
25716,10
25737,40
25772,10
25813,10
25852,8
25854,8
25856,8
25858,8
25862,60
25889,40
25891,40
25893,40
25895,40
25897,40
25899,40
25901,40
25903,40
25907,40
25909,40
25911,40
25913,40
25915,40
25917,40
25919,40
25921,40
25923,40
25925,40
25929,40
25931,40
25933,40
25935,40
25937,40
25949,40
25951,40
25953,40
25955,40
25957,40
25969,40
25971,40
25973,40
25975,40
25977,40
25979,40
25981,40
25997,40
25999,40
26001,40
26003,40
26005,40
26007,40
26009,40
26017,40
26019,100
26021,40
26023,40
26025,100
26027,40
26029,40
26031,40
26039,40
26041,40
26043,40
26047,40
26049,40
26057,40
26059,40
26061,40
26063,40
26065,200
26067,40
26069,40
26071,40
26073,40
26077,40
26079,40
26081,40
26083,40
26085,40
26087,40
26089,40
26091,40
26097,40
26101,40
26103,40
26105,40
26107,40
26109,40
26111,40
26113,40
26174,60
26287,1
26289,1
26291,1
26293,1
26295,1
26297,1
26299,1
26301,1
26303,1
26305,1
26307,1
26309,1
26311,1
26313,1
26315,1
26319,1
26321,1
26323,1
26325,1
26327,1
26329,1
26331,1
26333,1
26335,1
26337,1
26339,1
26341,1
26343,1
26345,1
26347,1
26349,1
26351,1
26353,1
26355,1
26357,1
26359,1
26361,1
26363,1
26365,1
26367,1
26369,1
26371,1
26373,1
26375,1
26377,1
26379,1
26381,1
26383,1
26385,1
26387,1
26389,1
26391,1
26393,1
26395,1
26397,1
26399,1
26401,1
26403,1
26405,1
26407,1
26409,1
26411,1
26413,1
26415,1
26417,1
26419,1
26421,1
26423,1
26425,1
26427,1
26429,1
26431,1
26433,1
26435,1
26437,1
26439,1
26441,1
26443,1
26445,1
26447,1
26449,1
26451,1
26453,1
26598,8
26600,8
26602,8
26604,8
26607,600
26759,100
26760,300
26761,300
26762,300
26843,10
26850,600
26870,100
26889,10
26891,10
26893,10
26915,10
26916,10
26917,10
26926,100
26928,1
26930,100
26932,1
26961,100
26963,1
26965,100
26967,1
26984,600
27015,600
27020,600
27022,2000
27024,1
27027,8
27039,5000
27065,30
27067,1
27069,100
27300,600
27302,600
27304,600
27306,600
27309,100
27657,3
27659,1
27661,1
27663,3
27665,1
27667,1
27677,2
27679,3
27680,3
27681,6
27682,2
27684,3
27685,6
27688,2
27689,3
27690,6
27694,3
27695,2
27696,6
27697,6
27698,3
27699,2
27703,6
27704,3
27705,2
27706,2
27707,3
27708,6
27712,3
27713,2
27714,6
27781,2
27783,3
27785,6
27787,2
27789,3
27791,6
27807,10
27808,10
27809,20
27810,20
27811,30
27812,30
27813,30
27814,30
27815,20
27816,20
27817,10
27818,10
27819,10
27820,10
27821,20
27822,20
27823,30
27824,30
27825,10
27826,10
27827,20
27828,20
27829,30
27830,30
27831,10
27832,10
27833,20
27834,30
27835,20
27836,30
27837,30
27838,20
27839,10
27840,10
27841,20
27842,30
27843,10
27844,20
27845,30
27846,30
27847,20
27848,10
27849,10
27850,10
27851,20
27852,20
27853,30
27854,30
27859,10
27860,10
27861,10
27862,10
27863,10
27864,10
27865,10
27866,10
27867,10
27868,10
27869,10
27870,10
27871,10
27872,10
27873,10
27874,10
27875,10
27876,10
27877,10
27878,10
27905,60
27913,300
27915,50
27917,300
27919,300
27921,300
27923,300
27925,300
27931,100
27933,200
27935,5
27938,3
27940,3
27942,3
27944,10
27945,10
27946,10
27947,10
27948,10
27949,10
27952,3
27958,1
27960,1
27962,3
27964,1
27966,1
27968,1
27970,1
27972,1
27974,1
27976,1
27978,1
27980,1
27982,1
27984,3
27986,3
27988,3
27990,1
27992,1
27994,3
27996,1
27998,1
28000,3
28002,1
28004,1
28006,3
28008,1
28010,1
28012,3
28014,1
28016,1
28018,3
28020,1
28022,1
28024,3
28026,1
28028,1
28030,3
28032,1
28034,1
28036,3
28038,1
28040,1
28042,3
28044,1
28046,1
28048,3
28050,1
28052,1
28054,3
28056,1
28058,1
28060,3
28062,1
28064,1
28198,10
28200,10
28202,10
28204,10
28206,10
28208,10
28210,10
28212,10
28214,10
28216,10
28263,600
28265,10
28267,200
28269,10
28271,300
28273,10
28275,600
28277,10
28279,600
28281,10
28283,300
28285,10
28287,200
28289,10
28291,200
28293,10
28295,300
28297,10
28299,300
28301,10
28303,600
28305,10
28307,200
28309,10
28325,200
28327,300
28329,600
28331,100
28333,200
28335,300
28337,600
28339,100
28353,1
28368,300
28376,100
28378,100
28380,100
28382,100
28384,100
28386,300
28448,300
28449,300
28450,300
28451,300
28452,300
28453,300
28454,300
28455,300
28456,300
28457,300
28458,300
28459,300
28460,300
28461,300
28462,300
28463,300
28464,300
28465,300
28466,300
28467,300
28468,300
28469,300
28470,300
28471,300
28472,300
28473,300
28474,300
28475,300
28476,300
28477,300
28478,300
28479,300
28480,300
28481,300
28482,300
28483,300
28484,300
28485,300
28486,300
28487,300
28488,300
28489,300
28490,300
28491,300
28492,300
28493,300
28494,300
28495,300
28496,300
28497,300
28498,300
28499,300
28500,300
28501,300
28502,300
28503,300
28504,300
28505,300
28512,200
28515,100
28517,100
28519,100
28521,200
28523,200
28525,200
28527,200
28529,200
28531,100
28533,200
28535,200
28537,200
28539,200
28541,200
28543,200
28546,60
28548,200
28551,100
28553,200
28555,200
28558,200
28560,200
28562,200
28564,200
28566,100
28577,10
28579,10
28584,3
28605,10
28607,1
28613,600
28647,50
28651,600
28653,50
28655,50
28660,1
28662,1
28666,1
28671,600
28673,600
28675,600
28677,600
28679,600
28681,600
28683,600
28685,600
28711,1
28730,100
28732,100
28734,100
28736,100
28738,100
28741,200
28743,200
28745,100
28747,200
28749,80
28751,200
28753,80
28755,80
28757,50
28759,60
28771,40
28773,60
28775,100
28777,200
28779,200
28781,60
28783,200
28785,200
28787,100
28789,200
28845,1
28847,1
28849,1
28851,1
28889,200
28891,1
28893,200
28895,1
29000,600
29002,600
29004,600
29006,600
29008,600
29010,600
29012,600
29014,600
29016,600
29040,400
29042,800
29044,800
29046,800
29048,800
29050,800
29052,400
29054,800
29056,800
29058,800
29060,400
29062,800
29064,800
29066,800
29068,800
29070,800
29072,800
29074,800
29076,800
29078,800
29080,400
29082,800
29084,800
29086,800
29088,800
29090,800
29092,800
29094,800
29096,800
29098,800
29100,800
29102,800
29104,800
29106,800
29108,800
29110,800
29204,600
29227,1000
29249,30
29267,30
29329,30
29331,30
29333,30
29335,30
29338,10
29339,10
29341,10
29345,10
29985,1
29987,1
29989,1
29991,1
29993,1000
29995,1000
29997,1000
30003,1000
30009,1000
30014,600
30029,300
30037,300
30039,300
30041,300
30043,300
30047,300
30049,300
30051,300
30053,300
30057,300
30059,300
30061,300
30063,300
30067,300
30069,300
30071,300
30073,300
30077,300
30079,300
30081,300
30083,300
30087,300
30089,300
30091,300
30093,300
30097,300
30099,300
30101,300
30103,300
30107,300
30109,300
30111,300
30113,300
30140,300
30142,300
30144,300
30146,300
30150,300
30152,300
30154,300
30156,300
30160,300
30162,300
30164,300
30166,300
30170,300
30172,300
30174,300
30176,300
30187,300
30227,300
30228,300
30229,300
30230,300
30232,300
30233,300
30234,300
30235,300
30237,300
30238,300
30239,300
30240,300
30242,300
30243,300
30244,300
30245,300
30329,600
30343,600
30387,8
30392,300
30393,300
30394,300
30395,300
30397,300
30398,300
30399,300
30400,300
30402,300
30403,300
30404,300
30405,300
30407,300
30408,300
30409,300
30410,300
30421,600
30423,600
30425,600
30465,1000
30467,1000
30471,1000
30475,1000
30477,1000
30479,1000
30558,300
30562,300
30582,300
30586,300
30588,300
30599,300
30600,300
30605,300
30614,300
30615,300
30618,300
30628,300
30632,300
30633,300
30752,300
30753,300
30754,300
30833,10
30835,10
30837,10
30840,600
30843,30
30988,100
30994,30
30998,100
31000,60
31002,30
31004,1
31006,1
31008,1
31010,100
31012,60
31014,30
31016,1
31018,1
31020,1
31022,100
31024,60
31026,30
31028,1
31030,1
31032,1
31034,100
31036,60
31038,30
31040,1
31042,1
31044,1
31046,100
31048,60
31050,1
31052,1
31054,1
31056,60
31058,1
31060,1
31062,1
31064,100
31066,60
31068,30
31070,1
31072,1
31074,60
31076,30
31078,1
31080,1
31082,1
31084,100
31086,60
31088,30
31090,1
31092,1
31094,1
31106,100
31108,60
31110,30
31112,1
31114,1
31116,1
31118,100
31120,60
31122,30
31124,1
31126,1
31128,1
31130,100
31132,60
31134,30
31136,1
31138,1
31140,1
31142,100
31144,60
31146,30
31148,1
31150,1
31152,1
31154,100
31156,60
31158,30
31160,100
31162,60
31164,30
31166,1
31168,1
31170,1
31172,1
31174,1
31176,1
31178,100
31180,60
31182,30
31184,1
31186,1
31188,1
31190,100
31192,60
31194,30
31196,1
31198,1
31200,1
31202,100
31204,60
31206,30
31208,1
31210,1
31212,1
31214,100
31216,60
31218,30
31221,1
31223,1
31225,1
31227,100
31229,60
31231,30
31233,1
31235,1
31237,1
31239,100
31241,60
31243,30
31245,1
31247,1
31249,1
31251,100
31253,60
31255,30
31257,1
31259,1
31261,1
31263,100
31265,60
31267,30
31269,1
31271,1
31273,1
31275,100
31277,60
31279,30
31281,1
31283,1
31285,1
31287,100
31289,60
31291,30
31293,1
31295,1
31297,1
31299,100
31301,60
31303,30
31305,1
31307,1
31309,1
31311,100
31313,60
31315,30
31317,1
31319,1
31321,1
31323,100
31325,60
31327,30
31329,1
31331,1
31333,1
31335,100
31337,60
31339,30
31341,1
31343,1
31345,1
31347,100
31349,60
31351,30
31353,1
31355,1
31357,1
31359,100
31361,60
31363,30
31365,1
31367,1
31369,1
31371,100
31373,60
31375,30
31377,1
31379,1
31381,1
31383,100
31385,60
31387,30
31389,1
31391,1
31393,1
31395,100
31397,60
31399,30
31401,1
31403,1
31405,1
31407,100
31409,60
31411,30
31413,1
31415,1
31417,1
31419,100
31421,60
31423,30
31425,1
31427,1
31429,1
31431,100
31433,60
31435,30
31437,1
31439,1
31441,1
31443,100
31445,60
31447,30
31449,1
31451,1
31453,1
31455,100
31457,60
31459,30
31461,1
31463,1
31465,1
31467,100
31469,60
31471,30
31473,1
31475,1
31477,1
31479,100
31481,60
31483,30
31485,1
31487,1
31489,1
31491,100
31493,60
31495,30
31497,1
31499,1
31501,1
31503,100
31505,60
31507,30
31509,1
31511,1
31513,1
31515,100
31517,60
31519,30
31521,1
31523,1
31525,1
31527,100
31529,60
31531,30
31533,1
31535,1
31537,1
31539,100
31541,60
31543,30
31545,1
31547,1
31549,1
31551,100
31553,60
31555,30
31557,1
31559,1
31561,1
31563,100
31565,60
31567,30
31569,1
31571,1
31573,1
31575,100
31577,60
31579,30
31581,1
31583,1
31585,1
31587,100
31589,60
31591,30
31593,1
31595,1
31597,1
31599,100
31601,60
31603,30
31605,1
31607,1
31609,100
31611,60
31613,30
31615,1
31617,1
31619,1
31621,100
31623,60
31625,30
31627,1
31629,1
31631,1
31633,100
31635,60
31637,30
31639,1
31641,1
31643,1
31645,100
31647,60
31649,30
31651,1
31653,1
31655,1
31657,100
31659,60
31661,30
31663,1
31665,1
31667,1
31669,100
31671,60
31673,30
31675,1
31677,1
31679,1
31681,100
31683,60
31685,30
31687,1
31689,1
31691,1
31693,100
31695,60
31697,30
31699,1
31701,1
31703,1
31705,100
31707,60
31709,30
31711,1
31713,1
31715,1
31717,100
31719,60
31721,30
31723,1
31725,1
31727,1
31729,100
31731,60
31733,30
31735,1
31737,1
31739,1
31741,100
31743,60
31745,30
31747,1
31749,1
31751,1
31753,100
31755,60
31757,30
31759,1
31761,1
31763,1
31765,100
31767,60
31769,30
31771,1
31773,1
31775,1
31777,100
31779,60
31781,30
31783,1
31785,1
31787,1
31789,100
31791,60
31793,30
31795,1
31797,1
31799,1
31801,100
31803,60
31805,30
31811,1
31813,1
31815,1
31817,100
31819,60
31821,30
31823,1
31825,1
31827,1
31865,600
31867,300
31869,200
31871,200
31873,600
31875,300
31877,200
31879,200
31881,600
31883,300
31885,200
31887,200
31889,600
31891,300
31893,200
31895,200
31897,200
31899,200
31901,60
31903,60
31905,200
31907,200
31909,200
31911,200
31917,100
31919,100
31923,200
31925,200
31927,200
31929,200
31931,100
31933,100
31943,100
31945,100
31947,60
31949,100
31951,200
31953,200
32026,100
32028,60
32030,1
32032,1
32034,100
32036,60
32038,1
32040,1
32042,100
32044,60
32046,1
32048,1
32050,100
32052,60
32054,1
32056,1
32058,100
32060,60
32062,1
32064,1
32066,100
32068,60
32070,100
32072,60
32074,1
32076,1
32078,1
32080,1
32082,100
32084,60
32086,1
32088,1
32090,100
32092,60
32094,1
32096,1
32208,30
32210,10
32306,10
32308,10
32310,10
32312,10
32326,50
32341,50
32343,50
32345,50
32415,100
32437,100
32439,100
32441,100
32443,100
32445,5
32773,200
32775,200
32781,60
32783,600
32789,30
32791,10
32800,600
32802,600
32804,600
32810,200
32812,20000
32818,60
32820,60
32839,200
32841,20
32843,20
32845,20
32847,20
32849,20
32854,200
32855,200
32858,100
32859,600
32860,300
32861,200
32862,100
32863,100
32864,100
32865,200
32866,300
32867,600
32868,600
32869,300
32870,200
32871,100
32873,20
32875,20
32877,20
32879,20
32881,30
32982,600
32984,30
32986,30
32988,30
32990,30
33004,100
33006,100
33008,200
33010,300
33012,600
33067,600
33077,200
33080,30
33082,30
33084,30
33088,300
33102,100
33104,60
33112,300
33150,10
33152,10
33154,10
33156,10
33158,10
33177,100
33179,100
33181,100
33191,30
33196,8000
33198,10
33200,10
33202,10
33271,60
33273,10
33278,30
33280,1
33282,30
33284,1
33286,30
33288,1
33290,30
33292,1
33294,30
33296,1
33299,30
33300,1
33302,1
33304,30
33306,1
33308,30
33310,1
33312,30
33314,1
33327,10
33396,10
33398,30
33401,50
33447,60
33449,60
33451,20
33460,60
33469,30
33471,10
33473,10
33514,30
33515,10
33517,10
33518,10
33519,30
33521,10
33523,10
33536,20
33543,20
33545,20
33546,20
33547,20
33548,20
33554,10
33556,30
33558,30
33560,30
33562,30
33564,30
33566,30
33582,10
33584,10
33586,10
33588,10
33590,10
33592,10
33596,10
33609,10
33611,10
33624,20000
33626,20000
33628,20000
33630,20000
33632,20000
33634,20000
33636,20000
33638,20000
33640,20000
33642,20000
33644,20000
33646,20000
33648,20000
33650,20000
33652,20000
33654,20000
33656,20000
33658,20000
33660,20000
33662,20000
33664,20000
33666,20000
33668,20000
33670,20000
33672,200
33674,1
33676,1
33678,20000
33682,10
33684,20000
33686,20000
33688,20000
33690,20000
33692,20000
33694,20000
33696,20000
33698,1
33701,30
33703,30
33705,300
33707,600
33709,10
33711,10
33713,10
33817,30
33819,10
33821,10
33823,200
33825,10
33868,10
33870,20000
33872,20000
33874,20000
33876,20000
33878,20000
33880,20000
33882,20000
33884,20000
33891,100
33893,1
33895,60
33897,1
33899,40
33901,1
33903,30
33905,1
33916,100
33982,200
33984,200
33986,200
34119,17300
34121,1000
34123,200
34125,200
34127,200
34153,1000
34214,1
34216,1
34218,1
34220,1
34222,1
34224,1
34226,1
34228,1
34230,1
34232,1
34234,1
34236,1
34238,1
34240,1
34242,1
34244,1
34246,1
34248,1
34250,1
34252,1
34254,1
34256,1
34258,1
34267,100
34269,60
34273,10
34275,10
34277,10
34279,10
34281,10
34283,10
34285,10
34287,10
34289,10
34291,10
34293,10
34295,10
34307,40
34309,30
34318,1
34329,1
34340,1
34342,1
34344,1
34346,1
34397,1000
34412,300
34414,300
34416,300
34442,1
34444,1
34446,1
34458,1
34460,1
34462,1
34464,1
34466,1
34468,1
34470,1
34472,1
34474,1
34476,1
34478,1
34480,1
34497,30
34563,1
34591,1
34594,50
34596,10
34829,1
34841,3
34842,3
34843,3
34844,3
34845,3
34846,3
34847,3
34848,3
34849,3
34850,3
34851,3
34852,3
34853,3
34854,3
34855,3
34856,3
34857,3
34858,3
34859,3
34860,3
34861,3
34862,3
34863,3
34864,3
34865,3
34866,3
34867,3
34868,3
34869,3
35684,1
35772,200
35773,10
35780,1
35782,1
35791,100
35792,10
35796,600
35797,600
36949,1
36953,7
36954,7
36955,7
36960,2
36961,2
36962,2
36963,1
36964,1
36965,2
36966,2
36967,1
36968,1
36971,2
36972,1
36973,1
36974,2
36975,1
36976,1
36977,2
36978,1
36979,1
36980,2
36981,1
36997,5
36999,5
37000,2
37001,5
37002,5
37003,5
37004,5
37005,5
37006,5
37007,5
37008,5
37011,2
37012,5
37014,5
37015,5
37020,5
37021,5
37022,2
37023,5
37024,5
37025,5
37026,5
37027,5
37028,5
37029,5
37030,2
37031,2
37032,5
37033,5
37034,5
37037,5
37038,5
37039,5
37040,5
37041,5
37042,5
37043,5
37044,5
37045,5
37046,5
37047,5
37048,5
37049,5
37050,5
37051,5
37052,5
37053,5
37054,5
37058,5
37060,5
37061,5
37062,5
37063,5
37064,5
37065,5
37066,5
37067,5
37068,5
37069,5
37071,5
37072,5
37073,5
37074,5
37075,5
37079,5
37080,5
37081,5
37083,5
37085,5
37087,5
37138,5
37139,5
37287,60
37309,40
37310,30
37311,1
37312,60
37314,1
37315,60
37316,1
37317,60
37318,1
37319,60
37320,1
37321,60
37322,1
37323,60
37324,1
37325,60
37326,1
37327,60
37328,1
37329,1
37330,40
37331,1
37332,40
37333,1
37334,40
37335,1
37338,40
37339,1
37340,40
37341,1
37342,1
37343,30
37344,1
37345,1
37346,1
37347,60
37348,1
37349,60
37350,1
37351,1
37352,60
37353,1
37354,60
37355,1
37356,60
37357,1
37358,40
37359,1
37360,40
37361,1
37364,40
37365,1
37366,40
37367,1
37368,40
37369,1
37370,40
37371,1
37372,30
37373,1
37374,30
37375,1
37376,30
37377,1
37378,60
37379,1
37380,60
37381,1
37382,60
37383,1
37384,60
37385,1
37386,60
37387,1
37388,60
37389,1
37390,60
37391,1
37392,60
37393,1
37394,60
37395,1
37396,60
37397,1
37398,60
37399,1
37400,60
37401,1
37402,60
37403,1
37404,60
37405,1
37406,60
37407,1
37408,60
37409,1
37410,40
37411,1
37413,40
37414,1
37415,40
37416,1
37417,40
37418,1
37419,40
37420,1
37421,40
37422,1
37423,40
37424,1
37425,40
37426,1
37427,40
37428,1
37429,40
37430,1
37431,30
37432,1
37433,30
37434,1
37435,30
37436,1
37437,30
37438,1
37441,30
37442,1
37443,60
37444,1
37445,40
37446,1
37447,30
37448,1
37449,60
37537,1
37538,2
37539,2
37540,1
37541,5
37617,1
37618,1
37619,1
37620,1
37621,100
37833,600
37834,600
37835,600
37836,600
37837,600
37838,600
37839,600
37840,600
37852,100
37853,100
37854,100
37855,100
37856,100
37857,100
37858,100
37859,100
37860,100
37964,5
38660,200
38661,10
39580,1
39581,1
39583,1
40301,1
40302,1
40311,50
40312,50
40313,50
40314,50
40315,30
40316,30
40317,30
40318,30
40336,600
40337,600
40338,100
40339,10
40521,1
40672,5
40673,5
40674,5
40675,5
40676,5
40677,5
40684,5
40685,5
40686,5
40687,5
40688,5
40689,5
40719,5
40720,5
40721,5
40722,5
40723,5
40740,5
40741,5
40742,5
40743,5
40744,5
40746,5
40747,5
40751,5
40753,5
40755,5
40757,5
40759,5
40763,5
40765,5
41068,5
41069,5
41070,5
41071,5
41072,5
41073,5
41074,5
41075,5
41085,5
41086,5
41087,5
41088,5
41089,5
41090,5
41091,5
41092,5
41093,5
41094,5
41095,5
41096,5
41097,5
41098,5
41105,5
41106,5
41107,5
41108,5
41110,5
41111,5
41113,5
41120,5
41121,5
41122,5
41123,5
41124,5
41125,5
41132,5
41133,5
41134,5
41135,5
41136,5
41137,5
41143,5
41144,5
41145,5
41146,5
41147,5
41148,5
41161,5
41162,5
41163,5
41165,5
41166,5
41167,5
41168,5
41169,5
41170,5
41171,5
41172,5
41173,5
41177,5
41178,5
41179,5
41183,5
41184,5
41185,5
41186,5
41187,5
41190,5
41221,60
41222,10
41225,5
41226,5
41227,5
41228,5
41229,5
41230,600
41242,5
41243,5
41244,5
41245,5
41246,5
41248,5
41256,5
41257,5
41258,5
41260,5
41261,5
41262,5
41278,10
41279,10
41280,10
41281,10
41282,10
41283,10
41284,10
41285,10
41288,10
41289,10
41292,10
41293,10
41296,10
41297,10
41300,10
41301,10
41313,5
41315,10
41317,10
41319,10
41321,10
41323,10
41325,10
41327,10
41329,10
41331,10
41333,10
41335,10
41337,10
41351,10
41352,10
41353,10
41354,10
41355,50
41356,10
41361,50
41362,10
41363,50
41364,10
41365,50
41366,10
41367,50
41368,10
41369,50
41370,10
41371,50
41372,10
41373,50
41374,10
41375,10
41376,50
41377,10
41378,10
41379,50
41380,10
41381,10
41382,50
41383,10
41384,10
41385,50
41386,10
41388,3
41389,3
41390,3
41391,3
41392,3
41393,3
41394,3
41395,3
41412,5
41413,5
41416,5
41418,5
41430,1
41431,60
41432,1
41433,60
41434,1
41435,40
41436,1
41437,60
41438,3
41445,2
41446,2
41447,2
41448,2
41449,2
41450,2
41451,2
41452,2
41532,3
41535,100
41536,100
41582,1
41583,1
41584,1
41585,1
41590,600
41591,600
41592,600
41593,600
41594,600
41595,600
41596,600
41597,600
41598,200
41599,5
41600,5
41601,5
41602,5
41603,5
41604,5
41605,5
41606,5
41607,5
41608,5
41609,5
41610,5
41611,5
41612,5
41613,5
41614,5
41615,5
41616,5
41618,5
41619,5
41620,5
41621,5
41622,5
41623,10
41624,5
41625,5
41626,5
41627,5
41628,5
41629,5
41630,5
41631,10
41632,5
41633,5
41634,5
41635,5
41636,5
41637,5
41638,5
41639,10
41640,10
41641,5
41642,5
41643,5
41644,5
41645,5
41646,5
41647,5
41648,5
41649,200
41650,100
41651,100
41652,5
41653,200
41654,100
41655,60
41656,5
41657,5
41658,5
41659,5
41660,5
41661,5
41662,100
41663,5
41664,5
41665,5
41666,5
41667,5
41668,5
41669,5
41670,5
41671,5
41697,5
41698,5
42134,1
42135,1
42136,1
42137,1
42138,1
42524,1
42525,1
42874,200
42875,200
42876,200
42877,200
42878,200
42879,200
42880,200
42881,200
42882,200
42883,200
42884,200
42885,200
42886,200
42887,200
42888,200
42889,2
42891,10
43544,50
43545,50
43546,50
43547,50
43548,50
43607,10
43608,10
43609,10
43610,10
43611,10
43659,3
43661,3
43663,3
43665,3
43902,100
43904,60
43906,40
43908,30
43910,10
43911,600
43912,10
43913,10
43914,10
43915,5
43916,5
43925,2
43926,5
43927,5
43928,5
43929,2
43934,600
44002,60
44003,1
44004,60
44005,1
44006,60
44007,1
44008,60
44009,1
44010,60
44011,1
44012,60
44013,1
44014,60
44015,1
44016,60
44017,1
44018,60
44019,1
44020,60
44021,1
44022,60
44023,1
44024,60
44025,1
44026,60
44027,1
44028,60
44029,1
44030,60
44031,1
44032,60
44033,1
44034,60
44035,1
44036,60
44037,1
44038,60
44039,1
44040,60
44041,1
44042,60
44043,1
44044,60
44045,1
44046,60
44047,1
44048,60
44049,1
44050,60
44051,1
44052,60
44053,1
44054,60
44055,1
44056,60
44057,1
44058,60
44059,1
44060,60
44061,1
44062,60
44063,1
44064,60
44065,1
44074,40
44075,1
44076,40
44077,1
44078,40
44079,1
44080,40
44081,1
44082,40
44083,1
44084,40
44085,1
44086,40
44087,1
44088,40
44089,1
44090,40
44091,1
44092,40
44093,1
44094,40
44095,1
44096,40
44097,1
44103,100
44106,10
44115,2
44116,2
44117,2
44118,2
45011,600
45043,1
45044,1
45045,1
45486,1
45487,1
45528,1
45532,1
45533,1
45535,1
45540,5
45541,5
45542,5
45545,60
45547,40
45549,30
45551,1
45642,60
45643,40
45644,1
45646,1
45648,1
45656,1000
45657,1000
45658,1000
45659,1000
45681,300
45682,300
45683,300
45684,300
45685,300
45686,300
45687,300
45688,300
45689,300
45690,300
45691,300
45692,300
45693,300
45694,300
45695,300
45696,300
45697,300
45698,300
45699,300
45700,300
45701,300
45702,300
45703,300
45704,300
45705,300
45706,300
45707,300
45708,300
45709,300
45710,300
45711,300
45712,300
45713,300
45714,300
45715,300
45716,300
45717,300
45718,300
45719,300
45720,300
45721,300
45722,300
45723,300
45724,300
45725,300
45726,300
45727,300
45728,300
45732,1000000
46157,1000
46158,1000
46159,1000
46160,1000
46161,1000
46162,1000
46163,1000
46164,1000
46165,1000
46166,1000
46167,1000
46168,1000
46169,1000
46170,1000
46171,1000
46172,1000
46173,1000
46174,1000
46175,1000
46176,1000
46177,1000
46178,1000
46179,1000
46180,1000
46181,1000
46182,1000
46183,1000
46184,1000
46185,1000
46186,1000
46187,1000
46188,1000
46189,1000
46190,1000
46191,1000
46192,1000
46193,1000
46194,1000
46195,1000
46196,1000
46197,1000
46198,1000
46199,1000
46200,1000
46201,1000
46202,1000
46203,1000
46204,1000
46205,1000
46206,1000
46207,1000
46208,1000
46209,1000
46210,1000
46211,1000
46212,1000
46213,1000
46214,1000
46215,1000
46216,1000
46217,1000
46218,1000
46219,1000
46220,1000
46221,1000
46222,1000
46223,1000
46224,1000
46225,1000
46226,1000
46227,1000
46228,1000
46229,1000
46230,1000
46231,1000
46232,1000
46233,1000
46234,1000
46235,1000
46236,1000
46237,1000
46238,1000
46240,1000
46241,1000
46242,1000
46243,1000
46244,1000
46245,1000
46246,1000
46247,1000
46248,1000
46249,1000
46250,1000
46251,1000
46350,600
46351,10
46352,600
46353,10
46357,600
46358,10
46359,600
46360,10
46361,600
46362,10
46500,1
46501,40
46502,1
46503,60
46504,1
46505,60
46506,60
46507,1
46508,60
46509,1
46510,60
46511,1
46512,60
46513,1
46514,60
46515,1
46516,60
46517,1
46518,40
46519,1
46576,5
46578,5
46643,60
46644,1
46645,60
46646,1
46647,60
46648,1
46649,40
46650,1
46651,40
46652,1
47040,1
47107,3
47109,3
47110,3
47111,3
47112,3
47113,3
47114,3
47115,3
47208,50
47209,50
47210,50
47211,50
47212,10
47213,50
47214,10
47215,10
47216,50
47217,10
47218,10
47219,50
47220,10
47221,10
47222,50
47223,10
47224,50
47225,10
47226,50
47227,10
47228,50
47229,10
47230,50
47231,10
47232,10
47233,50
47234,50
47235,50
47236,50
47237,10
47238,10
47239,10
47240,10
47241,50
47242,10
47243,50
47244,10
47245,50
47246,10
47247,50
47248,10
47259,200
47260,10
47322,5
47324,5
47326,5
47328,5
47331,5
47333,5
47335,5
47337,300
47339,5
47341,5
47343,5
47345,5
47346,5
47349,5
47350,5
47354,5
47355,5
47357,5
47359,5
47361,5
47363,5
47365,5
47367,5
47369,5
47716,10
47966,30
47967,10
47968,10
47969,200
47970,10
47971,100
47972,10
47973,60
47974,10
48095,200
48096,10
48097,600
48098,600
48099,600
48100,10
48101,10
48102,300
48103,300
48104,300
48105,10
48106,10
48107,200
48108,200
48109,200
48110,10
48111,10
48469,200
48470,200
48471,100
48472,100
48473,60
48474,60
48637,10
48638,30
48745,10
48923,10
48924,10
48925,10
48926,10
48945,10
48946,10
48947,10
48948,10
48949,10
49100,50
49625,2
49626,2
49714,30
49715,10
49716,10
49717,1
49721,7
49775,100
49776,100
49777,100
49778,10
49779,100
49967,10
49968,10
49969,10
49970,10
49971,3
49972,3
49973,3
50011,10
50012,10
50013,10
50014,10
50068,10
50072,10
50073,10
52237,60
52239,100
52241,200
52243,200
52245,200
52251,1
52253,1
52255,1
52348,200
52349,100
52350,60
52684,30
52685,30
52686,30
52687,30
52688,30
52689,30
52695,50
52791,30
52792,30
52793,30
52794,30
52795,30
52796,30
52818,10
52819,10
52820,10
52821,10
52822,10
52823,10
52824,10
52825,10
52826,10
52827,10
52828,10
52829,10
52830,10
52831,10
52832,10
52972,30
52974,30
52975,30
52976,30
52977,30
52978,30
53029,1
53030,5
53031,200
53032,10
53033,10
53034,10
53303,200
53304,200
53722,30
53723,30
53724,30
53725,30
53726,30
53727,30
53728,20
53729,20
53730,20
53731,20
53732,20
53733,20
53859,30
53860,30
53861,30
53862,30
53863,30
53864,30
53908,20
53909,20
53910,20
53911,20
53912,20
53913,20
53914,30
53915,30
53916,30
53917,30
53918,30
53919,30
53920,30
53921,30
53922,30
53923,30
53924,30
53925,30
53988,20
53989,20
53990,20
53991,20
54410,20
54411,20
54412,20
54413,20
54414,20
54415,20
54416,30
54417,30
54418,30
54419,30
54420,30
54421,30
54422,30
54423,30
54424,30
54425,30
54426,30
54427,30
54842,30
54843,10
54844,10
54845,200
54846,60
54848,200
54849,200
54850,10
54851,200
54852,100
54853,100
54854,100
54855,10
54856,100
54857,60
54858,60
54859,60
54860,10
54861,600
54862,600
54863,600
54864,600
54865,300
54866,300
54867,300
54868,300
54869,200
54870,200
54871,200
54872,200
54873,200
54874,200
54876,10
54884,10
54885,10
54886,10
54887,10
54888,10
54889,10
55762,10
55763,600
55861,200
55863,200
56702,30
56734,3
56749,300
56832,600
57129,30
57130,30
57131,30
57132,30
57133,30
57134,30
57135,30
57136,30
57137,30
57138,30
57139,30
57140,20
57142,20
57143,20
57144,20
57145,20
57146,20
57147,30
57429,10
57490,1000
57491,1000
57492,1000
57493,1000
57494,1000
57495,100
57496,100
57497,100
57498,100
57499,100
57500,100
57501,100
57502,100
57503,100
57504,100
57505,100
57506,100
57507,200
57508,200
57509,200
57510,200
57511,40
57512,40
57513,40
57514,40
57515,200
57516,40
57517,40
57518,40
57519,10
57520,40
57521,40
57522,40
57523,200
57524,40
57525,20
57526,40
58905,10
58955,200
58973,200
58974,200
58975,10
59171,3
59172,10
59632,10
59678,100
60338,80
60339,10
60340,80
60341,600
60342,10
60343,600
60344,10
60345,600
60346,10
60347,600
60348,10
60349,600
60350,10
60351,10
60352,10
60353,10
60354,10
60355,10
60356,10
60357,10
60358,10
60359,10
60360,10
60361,10
60362,10
60363,600
60364,600
60365,600
60366,600
60367,600
60368,600
60369,600
60370,600
60371,600
60372,600
60373,600
60374,600
60514,10
61217,600
61218,600
61219,10
61220,10
61221,600
61222,600
61223,10
61224,10
61225,600
61226,600
61227,10
61228,10
61229,600
61230,600
61231,10
61232,10
61233,600
61234,600
61235,10
61236,10
